,company,revenues,revenue_change,profits,assets,industry,sector,country,employees,total_stockholder_equity,Component 1,Component 2
0,Walmart,485873,0.8,13643.0,198825,General Merchandisers,Retailing,USA,2300000,77798,10.235627859903257,11.671296443179632
1,State Grid,315199,-4.4,9571.3,489838,Utilities,Energy,China,926067,209456,7.185886315599999,4.1847756631350865
2,Sinopec Group,267518,-9.1,1257.9,310726,Petroleum Refining,Energy,China,713288,106523,4.1253580206321425,4.017728691076049
3,China National Petroleum,262573,-12.3,1867.5,585619,Petroleum Refining,Energy,China,1512048,301893,8.373915645798126,5.906976618160054
4,Toyota Motor,254694,7.7,16899.3,437575,Motor Vehicles and Parts,Motor Vehicles & Parts,Japan,364445,157210,5.405753608146684,1.2639251305234778
5,Volkswagen,240264,1.5,5937.3,432116,Motor Vehicles and Parts,Motor Vehicles & Parts,Germany,626715,97753,4.084911353774389,3.024048006543543
6,Royal Dutch Shell,240033,-11.8,4575.0,411275,Petroleum Refining,Energy,Netherlands,89000,186646,3.9288625094792557,0.7571958390540589
7,Berkshire Hathaway,223604,6.1,24074.0,620854,Insurance: Property and Casualty (Stock),Financials,USA,367700,283001,7.4366161932960315,-0.12072843756988867
8,Apple,215639,-7.7,45687.0,321686,"Computers, Office Equipment",Technology,USA,116000,128249,6.707133365377233,-1.2923458139703405
9,Exxon Mobil,205004,-16.7,7840.0,330314,Petroleum Refining,Energy,USA,72700,167325,3.5497539751393785,0.3786481199151368
10,McKesson,198533,3.1,5070.0,60969,Wholesalers: Health Care,Wholesalers,USA,64500,11095,1.0722170430867746,1.2576694658268281
11,BP,186606,-17.4,115.0,263316,Petroleum Refining,Energy,Britain,74500,95286,1.738063838304854,1.010295662785891
12,UnitedHealth Group,184840,17.7,7017.0,122810,Health Care: Insurance and Managed Care,Health Care,USA,230000,38274,1.8153749229343092,1.391028000641417
13,CVS Health,177526,15.8,5317.0,94462,Health Care: Pharmacy and Other Services,Health Care,USA,204000,36830,1.495265763529561,1.360803025687988
14,Samsung Electronics,173957,-2.0,19316.5,217104,"Electronics, Electrical Equip.",Technology,South Korea,325000,154376,4.535983937627161,0.5097227948506656
15,Glencore,173883,2.0,1379.0,124600,"Mining, Crude-Oil Production",Energy,Switzerland,93123,44243,1.0050402736662771,1.1353620015641022
16,Daimler,169483,2.2,9428.4,256262,Motor Vehicles and Parts,Motor Vehicles & Parts,Germany,282488,61116,2.39984945741183,1.174545676786081
17,General Motors,166380,9.2,9427.0,221690,Motor Vehicles and Parts,Motor Vehicles & Parts,USA,225000,43836,2.003122101422385,0.9920325124417226
18,AT&T,163786,11.6,12976.0,403821,Telecommunications,Telecommunications,USA,268540,123135,3.500228336952621,0.4043923098123409
19,EXOR Group,154894,1.5,651.3,186172,Diversified Financials,Financials,Netherlands,302562,11582,0.8373888493334463,1.8769551785833405
20,Ford Motor,151800,1.5,4596.0,237951,Motor Vehicles and Parts,Motor Vehicles & Parts,USA,201000,29170,1.2141878340656231,1.1163073837179107
21,Industrial & Commercial Bank of China,147675,-11.7,41883.9,3473238,Banks: Commercial and Savings,Financials,China,461749,283438,10.922437551670622,-4.244640978030653
22,AmerisourceBergen,146850,8.0,1427.9,33656,Wholesalers: Health Care,Wholesalers,USA,18500,2129,-0.006889228546928884,0.8265405706746274
23,China State Construction Engineering,144505,3.1,2492.9,201269,"Engineering, Construction",Engineering & Construction,China,263915,15344,0.878755255586281,1.4893273370442197
24,AXA,143722,11.2,6446.0,941556,"Insurance: Life, Health (stock)",Financials,France,97707,74454,2.2156948122409332,-0.4222059661131593
25,Amazon.com,135987,27.1,2371.0,83402,Internet Services and Retailing,Technology,USA,341400,19285,0.8589434588188694,1.6727798097893416
26,Hon Hai Precision Industry,135129,-4.3,4608.8,80436,"Electronics, Electrical Equip.",Technology,Taiwan,726772,33476,2.0584024711108104,3.1486890004219137
27,China Construction Bank,135093,-8.7,34840.9,3016578,Banks: Commercial and Savings,Financials,China,362482,226851,8.878236324588343,-3.6739199702501253
28,Honda Motor,129198,6.2,5690.3,170165,Motor Vehicles and Parts,Motor Vehicles & Parts,Japan,211915,65482,1.48808400269498,0.7708664119125656
29,Total,127925,-10.8,6196.0,230978,Petroleum Refining,Energy,France,102168,98680,1.771510645102657,0.2085165233272546
30,General Electric,126661,-9.8,8831.0,365183,Industrial Machinery,Industrials,USA,295000,75828,2.230622741289367,0.7470248098661304
31,Verizon,125980,-4.3,13127.0,244180,Telecommunications,Telecommunications,USA,160900,22524,1.5862026019829354,0.3100803364115951
32,Japan Post Holdings,122990,3.6,-267.4,2631385,"Insurance: Life, Health (stock)",Financials,Japan,248384,91532,3.340924034871423,-1.4212019255878094
33,Allianz,122196,-0.6,7611.5,932091,Insurance: Property and Casualty (Stock),Financials,Germany,140253,71020,2.161749994202822,-0.4323457744504926
34,Cardinal Health,121546,18.5,1427.0,34122,Wholesalers: Health Care,Wholesalers,USA,37300,6554,-0.18009699838799853,0.5771873414145284
35,Costco,118719,2.2,2350.0,33163,General Merchandisers,Retailing,USA,172000,12079,0.2408981118895954,1.0905674013111692
36,Walgreens Boots Alliance,117351,13.4,4173.0,72688,Food and Drug Stores,Food & Drug Stores,USA,300000,29880,0.8905346902420853,1.2865470367054574
37,Agricultural Bank of China,117275,-12.1,27687.8,2816039,Banks: Commercial and Savings,Financials,China,501368,189682,7.720059902587375,-2.53916087192974
38,Ping An Insurance,116581,5.7,9392.0,802490,"Insurance: Life, Health (stock)",Financials,China,318588,55177,2.3262191056970045,0.26273643635851945
39,Kroger,115337,5.0,1975.0,36505,Food and Drug Stores,Food & Drug Stores,USA,443000,6698,0.6641953528119754,2.1203367859823437
40,SAIC Motor,113861,6.7,4818.2,84989,Motor Vehicles and Parts,Motor Vehicles & Parts,China,97582,27617,0.4903901254070145,0.47953351465472804
41,Bank of China,113708,-7.1,24773.4,2611539,Banks: Commercial and Savings,Financials,China,308900,203134,7.007365011495977,-3.0310159142985325
42,BNP Paribas,109026,-2.2,8517.2,2190423,Banks: Commercial and Savings,Financials,France,184839,106164,3.6882176413601755,-1.8546880618614991
43,Nissan Motor,108164,6.5,6123.4,165344,Motor Vehicles and Parts,Motor Vehicles & Parts,Japan,137250,50550,0.9796936659105859,0.32846043341151665
44,Chevron,107567,-18.0,-497.0,260078,Petroleum Refining,Energy,USA,55200,145556,1.4629157074740602,0.013439087346648764
45,Fannie Mae,107162,-2.9,12313.0,3287968,Diversified Financials,Financials,USA,7000,6071,3.360600004817582,-3.4459725966807984
46,China Mobile Communications,107117,0.3,9614.3,246446,Telecommunications,Telecommunications,China,463712,130459,3.0027816286163325,0.9940008260194692
47,J.P. Morgan Chase,105486,4.4,24733.0,2490972,Banks: Commercial and Savings,Financials,USA,243355,254190,7.288576025519718,-3.5208727852354276
48,Legal & General Group,105235,442.3,1697.9,577954,"Insurance: Life, Health (stock)",Financials,Britain,8939,8579,-0.4623130969180618,-2.7772259925621876
49,Nippon Telegraph & Telephone,105128,9.4,7384.4,190740,Telecommunications,Telecommunications,Japan,274844,81254,1.7365983767920554,0.5846902644202656
50,China Life Insurance,104818,3.5,162.4,483026,"Insurance: Life, Health (stock)",Financials,China,143676,14079,0.24454574395500295,0.49580597188438985
51,BMW Group,104130,1.8,7589.4,198835,Motor Vehicles and Parts,Motor Vehicles & Parts,Germany,124729,49682,1.071523558017898,0.16001547121776014
52,Express Scripts Holding,100288,-1.4,3404.4,51745,Health Care: Pharmacy and Other Services,Health Care,USA,25600,16236,-0.07648684131212748,0.2822507288774443
53,Trafigura Group,98098,0.9,750.8,41230,Trading,Wholesalers,Singapore,4107,5548,-0.5259618675965635,0.36603497737006546
54,China Railway Engineering,96979,-2.5,924.1,108864,"Engineering, Construction",Engineering & Construction,China,292215,10806,0.19607756623298672,1.3791531156116925
55,Prudential,96965,53.7,2592.8,581221,"Insurance: Life, Health (stock)",Financials,Britain,23673,18117,0.20561148426088563,-0.5856500673919818
56,Assicurazioni Generali,95217,-7.2,2301.3,549656,"Insurance: Life, Health (stock)",Financials,Italy,73727,25886,0.4135899383598296,-0.03410783369652273
57,China Railway Construction,94877,-0.8,1192.4,109968,"Engineering, Construction",Engineering & Construction,China,336872,10146,0.28215006470923176,1.5073650598593231
58,Home Depot,94595,6.9,7957.0,42966,Specialty Retailers,Retailing,USA,406000,4333,0.9021178428691234,1.448671432276282
59,Boeing,94571,-1.6,4895.0,89997,Aerospace and Defense,Aerospace & Defense,USA,150540,817,0.10534872016423724,0.6536706368269927
60,Wells Fargo,94176,4.6,21938.0,1930115,Banks: Commercial and Savings,Financials,USA,269100,199581,5.842136702233205,-2.576053522063433
61,Bank of America Corp.,93662,0.7,17906.0,2187702,Banks: Commercial and Savings,Financials,USA,208024,266840,6.378787505037589,-3.1204690134452506
62,Gazprom,91382,-8.1,14222.6,277262,Energy,Energy,Russia,467400,181813,3.933204286463782,0.4082532606978617
63,Nestle,90814,-1.6,8659.2,129824,Food Consumer Products,"Food, Beverages & Tobacco",Switzerland,328000,63573,1.5695034509266763,0.7857927171816573
64,Alphabet,90272,20.4,19478.0,167497,Internet Services and Retailing,Technology,USA,72053,139036,2.940975918484877,-1.2788284491267183
65,Siemens,88419,0.9,6050.5,141271,Industrial Machinery,Industrials,Germany,351000,38444,1.0569378319475462,1.0736360668732663
66,Carrefour,87112,-0.4,825.0,51513,Food and Drug Stores,Food & Drug Stores,France,384151,10996,0.22931264505095617,1.6883698064486556
67,Dongfeng Motor,86194,4.1,1415.0,59532,Motor Vehicles and Parts,Motor Vehicles & Parts,China,189795,11464,-0.11923440645235515,0.8659000013097163
68,Microsoft,85320,-8.8,16798.0,193694,Computer Software,Technology,USA,114000,71997,1.9829408794733758,-0.5872733833705657
69,Anthem,84863,7.2,2469.8,65083,Health Care: Insurance and Managed Care,Health Care,USA,53000,25100,-0.1519118948489141,0.18959748107346122
70,Hitachi,84558,1.2,2134.3,86742,"Electronics, Electrical Equip.",Technology,Japan,303887,26632,0.37505547705641124,1.173492298897314
71,SoftBank Group,82892,8.4,13163.4,221113,Telecommunications,Telecommunications,Japan,68402,32191,1.051421134283384,-0.5478224200095115
72,Banco Santander,82801,-2.5,6860.7,1412281,Banks: Commercial and Savings,Financials,Spain,185606,95906,2.5012145123276914,-1.17379436917958
73,Citigroup,82386,-6.7,14912.0,1792077,Banks: Commercial and Savings,Financials,USA,219000,225120,5.188939762171605,-2.3987931565156604
74,Petrobras,81405,-16.3,-4838.0,246983,Petroleum Refining,Energy,Brazil,68829,76779,-0.011280573179773781,0.34978360358440963
75,Robert Bosch,80869,3.3,2155.3,86348,Motor Vehicles and Parts,Motor Vehicles & Parts,Germany,389281,36316,0.6299461222420472,1.4113666259340618
76,Deutsche Telekom,80832,5.3,2958.1,156597,Telecommunications,Telecommunications,Germany,221000,30906,0.3476045605464188,0.6621863921653216
77,Hyundai Motor,80701,-0.8,4659.0,148092,Motor Vehicles and Parts,Motor Vehicles & Parts,South Korea,129315,55639,0.6134368917316824,0.1566383829648991
78,Comcast,80403,7.9,8695.0,180500,Telecommunications,Telecommunications,USA,159000,53943,1.0349502571709808,-0.02939038691976858
79,Credit Agricole,80258,-4.6,3914.7,1607501,Banks: Commercial and Savings,Financials,France,70830,61460,1.7206297745377648,-1.5168465246030356
80,IBM,79919,-3.1,11872.0,117470,Information Technology Services,Technology,USA,414400,18246,1.375077917629311,1.0531463503751681
81,Electricite de France,78740,-5.4,3152.8,297026,Utilities,Energy,France,154808,36319,0.406102133860155,0.27582415057865267
82,Huawei Investment & Holding,78511,24.9,5579.4,63837,Network and Other Communications Equipment,Technology,China,180000,20159,0.24537167690634407,0.36413686941660206
83,Enel,78064,-7.0,2842.0,164096,Utilities,Energy,Italy,62080,36704,0.07562548643486827,0.07394832268422934
84,State Farm Insurance Cos.,76132,0.6,350.3,256030,Insurance: Property and Casualty (Mutual),Financials,USA,68234,87592,0.5245124953041761,-0.14028231289521823
85,China Resources National,75776,-1.0,2580.2,158291,Pharmaceuticals,Health Care,China,420572,23605,0.5946682349845201,1.4663658737985892
86,AEON,75772,11.8,103.9,78223,General Merchandisers,Retailing,Japan,274760,9567,-0.18545499421342881,1.1074440565043076
87,HSBC Holdings,75329,-15.4,2479.0,2374986,Banks: Commercial and Savings,Financials,Britain,241000,175386,3.9276984657242684,-2.0341104203349962
88,Pacific Construction Group,74629,2.2,3168.1,48196,"Engineering, Construction",Engineering & Construction,China,362128,19835,0.37448026687248775,1.3084934334371514
89,Aviva,74628,105.9,948.8,544063,"Insurance: Life, Health (stock)",Financials,Britain,29530,21004,-0.22066660432252178,-0.9697519010803209
90,Tesco,74393,-15.1,-52.7,57052,Food and Drug Stores,Food & Drug Stores,Britain,342770,8011,-0.07421826291865821,1.551300258449913
91,Engie,73692,-4.9,-458.9,167158,Energy,Energy,France,153090,41740,-0.021325892722472987,0.5238898179575315
92,Airbus Group,73628,3.0,1100.3,117204,Aerospace and Defense,Aerospace & Defense,Netherlands,133782,3857,-0.4303484332827691,0.5295411811190566
93,SK Holdings,72579,107.4,659.7,85332,Petroleum Refining,Energy,South Korea,84000,10858,-0.6650651071590163,-0.26414492033814124
94,Phillips 66,72396,-16.9,1555.0,51653,Petroleum Refining,Energy,USA,14800,22390,-0.4497873705096338,0.1430197387616937
95,Johnson & Johnson,71890,2.6,16540.0,141208,Pharmaceuticals,Health Care,USA,126400,70418,1.7729106090221745,-0.6605893339475403
96,Procter & Gamble,71726,-8.9,10508.0,127136,Household and Personal Products,Household Products,USA,105000,57341,1.0219506781622236,-0.27774227402032836
97,U.S. Postal Service,71498,3.7,-5591.0,25219,"Mail, Package, and Freight Delivery",Transportation,USA,574349,-55982,-0.9588225518835491,2.905769506520651
98,China Southern Power Grid,71242,-4.6,2329.8,99187,Utilities,Energy,China,302421,38384,0.41788849702762265,1.0027890087064493
99,China South Industries Group,71151,1.5,580.3,51857,Aerospace and Defense,Aerospace & Defense,China,232817,7508,-0.3074317558495892,0.9736731936091729
100,Lukoil,70897,-16.3,3090.6,82179,Petroleum Refining,Energy,Russia,105500,52783,0.2546627455838573,0.22892471370299988
101,China Communications Construction,70751,4.4,1431.3,146763,"Engineering, Construction",Engineering & Construction,China,152666,14824,-0.23425124711234058,0.4716102727887905
102,Groupe BPCE,70517,25.5,4410.1,1302721,Banks: Commercial and Savings,Financials,France,102827,64820,1.4794771605835473,-1.3966324831051036
103,Sony,70170,3.9,676.4,158519,"Electronics, Electrical Equip.",Technology,Japan,128400,22415,-0.25642455281541016,0.3729037598864087
104,Valero Energy,70166,-14.2,2289.0,46173,Petroleum Refining,Energy,USA,9996,20024,-0.45169184604754153,0.06314941158108728
105,Target,69495,-5.8,2737.0,37431,General Merchandisers,Retailing,USA,323000,10953,0.09777280277573237,1.2295533787792206
106,Societe Generale,69335,-1.1,4284.0,1457753,Banks: Commercial and Savings,Financials,France,151341,65338,1.7278831881984658,-1.2169916363664424
107,Munich Re Group,68700,-1.1,2853.1,282435,Insurance: Property and Casualty (Stock),Financials,Germany,43428,33238,-0.0054287817748987065,-0.2274399119685431
108,Panasonic,67775,6.7,1378.4,53702,"Electronics, Electrical Equip.",Technology,Japan,257533,14109,-0.1428468243812804,0.9321435822817316
109,Nippon Life Insurance,67388,0.4,2786.9,650429,"Insurance: Life, Health (Mutual)",Financials,Japan,85171,17261,0.17461910933527586,-0.391274898854364
110,Zurich Insurance Group,67245,11.0,3211.0,382679,Insurance: Property and Casualty (Stock),Financials,Switzerland,52473,30660,0.06806458784457178,-0.3887731461457664
111,Itau Unibanco Holding,66876,21.4,6666.4,415972,Banks: Commercial and Savings,Financials,Brazil,94779,37680,0.5657905640894125,-0.5435916376281784
112,People’s Insurance Co. of China,66732,3.3,2144.3,134132,Insurance: Property and Casualty (Stock),Financials,China,188570,18145,-0.10423926348428755,0.5375494578843949
113,China National Offshore Oil,65892,-2.8,1752.4,166595,"Mining, Crude-Oil Production",Energy,China,100821,70827,0.34425826781124397,-0.0063282652192094375
114,Marubeni,65792,8.2,1433.7,61904,Trading,Wholesalers,Japan,39952,15113,-0.5878968808771065,0.0550067697965521
115,Deutsche Post DHL Group,65787,-3.8,2918.3,40387,"Mail, Package, and Freight Delivery",Transportation,Germany,459262,11693,0.3663898781134831,1.6887094357420367
116,Freddie Mac,65665,3.4,7815.0,2023376,Diversified Financials,Financials,USA,5982,5075,1.4538478658229261,-2.346173518811194
117,China Post Group,65605,-5.8,4980.3,1221649,"Mail, Package, and Freight Delivery",Transportation,China,941211,43114,2.917738782512078,2.099184702258909
118,China Minmetals,65547,105.6,-446.7,109334,Metals,Materials,China,212406,4631,-0.6247990103119032,0.23427059970184186
119,Lloyds Banking Group,65208,38.2,2784.4,1010245,Banks: Commercial and Savings,Financials,Britain,70433,59327,0.8828291919713991,-1.237335857553947
120,Lowe’s,65017,10.1,3093.0,34408,Specialty Retailers,Retailing,USA,240000,6434,-0.16344919125185842,0.7776087855432444
121,Metro,64853,-9.0,665.0,28039,Food and Drug Stores,Food & Drug Stores,Germany,196540,5978,-0.4613857406718598,0.8633804253094834
122,Dell Technologies,64806,18.1,-1672.0,118206,"Computers, Office Equipment",Technology,USA,138000,13243,-0.6682457649129026,0.48237222068258084
123,China FAW Group,64784,3.1,2411.3,54772,Motor Vehicles and Parts,Motor Vehicles & Parts,China,122323,24489,-0.22497944259780459,0.30554278243017857
124,BASF,63641,-18.6,4485.3,80675,Chemicals,Chemicals,Germany,109543,33545,0.08707727297091013,0.19679307509163738
125,JXTG Holdings,63629,1.8,1477.3,59767,Petroleum Refining,Energy,Japan,26247,12829,-0.6544859500379098,0.029483172537594537
126,MetLife,63476,-9.3,800.0,898764,"Insurance: Life, Health (stock)",Financials,USA,58000,67309,0.7255511672820774,-0.8321864720153387
127,Tewoo Group,63324,-1.4,141.7,34713,Trading,Wholesalers,China,17353,3465,-0.9278039463182772,0.14948358501784093
128,Aetna,63155,4.7,2271.0,69146,Health Care: Insurance and Managed Care,Health Care,USA,49500,17881,-0.47379784198394254,0.02267413989440469
129,PepsiCo,62799,-0.4,6329.0,74129,Food Consumer Products,"Food, Beverages & Tobacco",USA,264000,11095,0.2630227670462917,0.6745827580561475
130,ENI,62694,-32.6,-1619.0,131349,Petroleum Refining,Energy,Italy,33536,55934,-0.3036149375775886,0.16499798848332856
131,China Telecommunications,62387,1.0,1764.6,115819,Telecommunications,Telecommunications,China,413536,50919,0.6648818366075926,1.2719570904665827
132,Archer Daniels Midland,62346,-7.9,1279.0,39769,Food Production,"Food, Beverages & Tobacco",USA,31800,17173,-0.6251462061811343,0.10879966474455258
133,China North Industries Group,61326,-0.5,853.0,53140,Aerospace and Defense,Aerospace & Defense,China,234771,13401,-0.3011624250547382,0.8586895345274292
134,COFCO,61265,-5.0,204.5,72072,Trading,Wholesalers,China,101708,11029,-0.6413845738036502,0.40102324712488013
135,Beijing Automotive Group,61130,11.3,1260.6,57783,Motor Vehicles and Parts,Motor Vehicles & Parts,China,134765,8037,-0.5483628872431412,0.3994858720686572
136,UPS,60906,4.4,3431.0,40377,"Mail, Package, and Freight Delivery",Transportation,USA,335520,405,-0.0374128585350997,1.1397205424656989
137,Anbang Insurance Group,60800,124.0,3883.9,430040,"Insurance: Life, Health (Mutual)",Financials,China,40707,20372,-0.1948164442141555,-1.2065122839236713
138,Peugeot,59749,-1.5,1913.1,47620,Motor Vehicles and Parts,Motor Vehicles & Parts,France,175341,13348,-0.3462144396540481,0.5700803964754182
139,Albertsons Cos.,59678,1.6,-373.3,23755,Food and Drug Stores,Food & Drug Stores,USA,273000,1371,-0.5239593735299567,1.1248942467804663
140,Dai-ichi Life Holdings,59590,-2.5,2134.5,466617,"Insurance: Life, Health (stock)",Financials,Japan,62606,11675,-0.22682319548730107,-0.2883436454624677
141,Sinochem Group,59533,-1.9,468.0,57484,Trading,Wholesalers,China,60576,9195,-0.757720488620862,0.21687728563872194
142,Intel,59387,7.3,10316.0,113327,Semiconductors and Other Electronic Components,Technology,USA,106000,66226,0.9580341237927159,-0.500320595981328
143,Mitsubishi,59303,2.8,4063.5,141402,Trading,Wholesalers,Japan,77164,44137,0.0893588480068622,-0.17924827328426074
144,Auchan Holding,58862,-2.2,652.4,38537,Food and Drug Stores,Food & Drug Stores,France,342709,10593,-0.16599821142740018,1.2967748051250818
145,Aegon,58789,50.5,483.3,448666,"Insurance: Life, Health (stock)",Financials,Netherlands,29380,25647,-0.37070206353420765,-0.6891464427019901
146,Prudential Financial,58779,2.9,4368.0,783962,"Insurance: Life, Health (stock)",Financials,USA,49739,45863,0.615334294757136,-0.9669604187061887
147,Vodafone Group,58611,-5.0,-6904.0,165420,Telecommunications,Telecommunications,Britain,111556,77211,-0.41704738119347307,0.4239052126061375
148,Unilever,58292,-1.4,5732.7,59512,Household and Personal Products,Household Products,Britain,168832,17247,0.031613346004327296,0.29421947485943917
149,Banco do Brasil,58093,-13.4,2013.8,426416,Banks: Commercial and Savings,Financials,Brazil,100622,26551,-0.013638642022358868,-0.10802993016832742
150,Pemex,57774,-21.4,-10256.3,113115,"Mining, Crude-Oil Production",Energy,Mexico,125689,-59909,-2.383960477002817,1.3864917190770385
151,Telefonica,57544,-5.5,2619.7,130396,Telecommunications,Telecommunications,Spain,127323,19149,-0.25737514585136767,0.24163127990932962
152,Banco Bradesco,57443,31.3,5127.9,366418,Banks: Commercial and Savings,Financials,Brazil,94541,32369,0.2119346805193769,-0.535978270104214
153,United Technologies,57244,-6.2,5055.0,89706,Aerospace and Defense,Aerospace & Defense,USA,201600,27579,0.18351647966103782,0.4005667321500276
154,ArcelorMittal,56791,-10.7,1779.0,75142,Metals,Materials,Luxembourg,198517,30135,-0.10163251313734563,0.5933472571979242
155,Renault,56667,12.7,3780.9,107681,Motor Vehicles and Parts,Motor Vehicles & Parts,France,124849,32423,-0.047926703572555206,0.019254955983290564
156,Rosneft Oil,56553,-12.7,2705.1,180756,Petroleum Refining,Energy,Russia,295800,54227,0.5634596457959204,0.7155128616920718
157,Shandong Weiqiao Pioneering Group,56174,5.9,1217.2,31641,Textiles,Industrials,China,135393,9438,-0.5980736884912503,0.4099370035442531
158,Marathon Petroleum,55858,-13.5,1174.0,44413,Petroleum Refining,Energy,USA,44460,13557,-0.7056100410394841,0.14543344372353634
159,Disney,55632,6.0,9391.0,92033,Entertainment,Media,USA,195000,43265,0.7252093617849265,-0.01744918791705493
160,Aviation Industry Corp. of China,55306,-8.2,464.2,124892,Aerospace and Defense,Aerospace & Defense,China,457097,24345,0.263587154367248,1.6009860120928447
161,ING Group,55282,-16.5,5501.6,888226,Banks: Commercial and Savings,Financials,Netherlands,51943,49839,0.8501132058544053,-1.0611139283349162
162,Mitsubishi UFJ Financial Group,55185,15.9,8550.1,2722354,Banks: Commercial and Savings,Financials,Japan,115276,110573,3.4880267454939453,-3.3002349779386777
163,Royal Ahold Delhaize,54955,29.7,917.9,38257,Food and Drug Stores,Food & Drug Stores,Netherlands,225000,17165,-0.3860357067131464,0.5772219892565108
164,Humana,54379,0.2,614.0,25396,Health Care: Insurance and Managed Care,Health Care,USA,51600,10685,-0.8258065012772582,0.1394985763745246
165,Seven & I Holdings,53858,7.5,892.9,49244,Food and Drug Stores,Food & Drug Stores,Japan,54712,20086,-0.6751034202638316,0.02374679100795881
166,Indian Oil,53562,-2.1,2960.0,42132,Petroleum Refining,Energy,India,34999,15724,-0.575806969418883,-0.08432058733308835
167,Roche Group,53427,2.0,9719.9,75609,Pharmaceuticals,Health Care,Switzerland,94052,23534,0.2784770389800306,-0.3187120310971838
168,HNA Group,53035,79.4,278.9,173095,Airlines,Transportation,China,220258,14096,-0.46375542807052383,0.15668389818967865
169,Bank of Communications,52990,-7.1,10116.9,1209176,Banks: Commercial and Savings,Financials,China,95160,90531,2.0866788318780296,-1.7235182604692918
170,CITIC Group,52852,-5.5,3236.3,938261,Diversified Financials,Financials,China,201263,41784,0.8559518784727894,-0.4705167952732865
171,Pfizer,52824,8.1,7215.0,171615,Pharmaceuticals,Health Care,USA,96500,59544,0.5570966041263724,-0.4657602125275102
172,Bayer,52569,0.3,5010.6,86731,Pharmaceuticals,Health Care,Germany,115170,31990,-0.002559978124519656,-0.026866564293844337
173,AIG,52367,-10.2,-849.0,498264,Insurance: Property and Casualty (Stock),Financials,USA,56400,76300,0.23530257999360404,-0.47970625277420703
174,America Movil,52201,-7.4,462.9,73555,Telecommunications,Telecommunications,Mexico,194193,10143,-0.5240476706813652,0.6719826204309496
175,Korea Electric Power,51500,-0.6,6074.1,147265,Utilities,Energy,South Korea,43688,59394,0.3205870443529369,-0.5415995160918708
176,Lockheed Martin,50658,9.8,5302.0,47806,Aerospace and Defense,Aerospace & Defense,USA,97000,1511,-0.44661406039220464,-0.01758604567559138
177,Sysco,50367,3.5,949.6,16722,Wholesalers: Food and Grocery,Wholesalers,USA,51900,3480,-0.9333616106768493,0.10425246502528401
178,FedEx,50365,6.1,1820.0,46064,"Mail, Package, and Freight Delivery",Transportation,USA,335767,13784,-0.12437259701957634,1.0556189645363936
179,Louis Dreyfus Company,49838,-10.6,305.0,19843,Food Production,"Food, Beverages & Tobacco",Netherlands,17407,5115,-1.027114792930502,0.07567283175178428
180,Amer International Group,49677,3.9,1199.9,18405,"Electronics, Electrical Equip.",Technology,China,17852,10005,-0.9075318818402158,-0.07823603247842534
181,Petronas,49479,-22.0,4092.9,134528,Petroleum Refining,Energy,Malaysia,51034,84800,0.4602058425263394,-0.3929635646188562
182,Tokyo Electric Power,49446,-2.2,1225.7,110202,Utilities,Energy,Japan,42060,20905,-0.640593980094791,-0.09254806546115509
183,Novartis,49436,-3.1,6712.0,130124,Pharmaceuticals,Health Care,Switzerland,118393,74832,0.6877279823665949,-0.3430163319428564
184,Cisco Systems,49247,0.2,10739.0,121652,Network and Other Communications Equipment,Technology,USA,73700,63586,0.8139037960678295,-0.6983213719768575
185,MS&AD Insurance Group Holdings,49239,17.9,1942.2,190596,Insurance: Property and Casualty (Stock),Financials,Japan,40641,12793,-0.6378102488536409,-0.30541589737126673
186,Deutsche Bank,48876,-6.8,-1550.4,1677437,Banks: Commercial and Savings,Financials,Germany,99744,63102,1.0505565064497813,-1.4711313293771209
187,PowerChina,48869,7.2,1057.6,86687,"Engineering, Construction",Engineering & Construction,China,187813,9990,-0.526394229766099,0.48425347761900667
188,JBS,48825,-0.1,107.7,31605,Food Production,"Food, Beverages & Tobacco",Brazil,237061,7307,-0.5811899160881159,0.8349795083185829
189,PTT,48719,-17.7,2681.6,62349,Petroleum Refining,Energy,Thailand,24934,21309,-0.5646512193963533,-0.10538464271668457
190,Tokio Marine Holdings,48292,26.6,2527.4,202923,Insurance: Property and Casualty (Stock),Financials,Japan,38842,16474,-0.5542554783042472,-0.43295033365327834
191,HP,48238,-53.3,2496.0,29010,"Computers, Office Equipment",Technology,USA,49000,-3889,-0.8222187622845578,0.3447537575946453
192,RWE,48204,-6.6,-6249.1,80576,Utilities,Energy,Germany,58652,3898,-1.5259772774075686,0.4945814193324314
193,Dow Chemical,48158,-1.3,4318.0,79511,Chemicals,Chemicals,USA,56000,25987,-0.30790104611771246,-0.2153644480156822
194,Finatis,48154,-7.3,687.8,46270,Food and Drug Stores,Food & Drug Stores,France,232503,744,-0.6017845800194834,0.8353347262223587
195,Wesfarmers,48003,-7.6,296.1,30358,Food and Drug Stores,Food & Drug Stores,Australia,220000,17083,-0.4799304012963544,0.7557326600941285
196,Sinopharm,47810,7.9,504.0,36767,Pharmaceuticals,Health Care,China,106772,5658,-0.8493504138601948,0.25879181769883397
197,CNP Assurances,47804,-3.0,1327.3,442027,"Insurance: Life, Health (stock)",Financials,France,5035,18491,-0.47357365234004783,-0.5777973980477092
198,LG Electronics,47712,-4.6,66.2,31348,"Electronics, Electrical Equip.",Technology,South Korea,75000,9926,-0.8917792118380063,0.22145412099571912
199,Sumitomo Mitsui Financial Group,47375,19.2,6520.5,1775349,Banks: Commercial and Savings,Financials,Japan,77205,72876,1.8916733476993426,-2.306300700014124
200,Reliance Industries,46931,8.0,4458.9,108856,Petroleum Refining,Energy,India,140483,40614,0.05569217222564289,-0.058159344448049044
201,China Baowu Steel Group,46606,-11.5,442.8,106725,Metals,Materials,China,169344,35728,-0.2896344986709933,0.4065666586076552
202,Noble Group,46528,-30.3,8.7,12285,Trading,Wholesalers,China,1000,3974,-1.1146109620490732,0.12699181880813992
203,Anheuser-Busch InBev,45905,5.3,1241.0,258381,Beverages,"Food, Beverages & Tobacco",Belgium,206633,71339,0.38870745137336815,0.09401122022501078
204,Statoil,45873,-23.4,-2902.0,104530,Petroleum Refining,Energy,Norway,20539,35072,-0.9020889054821758,0.08700479584154683
205,POSCO,45621,-11.8,1167.5,66361,Metals,Materials,South Korea,31768,35057,-0.5577489451948647,-0.12376200013989877
206,Kia Motors,45425,3.7,2373.8,42141,Motor Vehicles and Parts,Motor Vehicles & Parts,South Korea,51357,22010,-0.6082831282479152,-0.12803577577721115
207,Orange,45249,1.3,3245.7,99840,Telecommunications,Telecommunications,France,155202,32365,-0.13996135466001303,0.13234391662094325
208,ChemChina,45177,9.1,17.9,54341,Chemicals,Chemicals,China,110614,3462,-0.9254562131327099,0.259369030602647
209,Deutsche Bahn,44850,0.1,768.6,59716,Railroads,Transportation,Germany,306368,13246,-0.32268526069709885,0.9719114515999222
210,Continental,44842,3.0,3099.1,38151,Motor Vehicles and Parts,Motor Vehicles & Parts,Germany,220137,15050,-0.2874750182985047,0.5116030593275256
211,HCA Holdings,44747,2.7,2890.0,33758,Health Care: Medical Facilities,Health Care,USA,210500,-7302,-0.6011567018862733,0.5865049497336872
212,Itochu,44654,5.5,3250.6,72902,Trading,Wholesalers,Japan,110207,21559,-0.39696702166471964,0.0024442167982563975
213,China Merchants Bank,44552,-8.1,9344.8,855070,Banks: Commercial and Savings,Financials,China,70461,57896,1.1907563748399468,-1.351398668742575
214,State Bank of India,44533,6.8,36.0,530590,Banks: Commercial and Savings,Financials,India,278872,33450,0.18133648901340724,0.2990408941790971
215,Woolworths,43925,-13.2,-898.3,17495,Food and Drug Stores,Food & Drug Stores,Australia,205000,6305,-0.7941191689210803,0.816756802657602
216,KDDI,43822,17.8,5045.1,56223,Telecommunications,Telecommunications,Japan,35032,31904,-0.3012462135609409,-0.491232080090014
217,Swiss Re,43786,22.6,3558.0,215065,Insurance: Property and Casualty (Stock),Financials,Switzerland,14053,35634,-0.30851738529000283,-0.6968663734900635
218,HBIS Group,43769,-3.3,-146.8,51858,Metals,Materials,China,125552,7693,-0.8580566516133562,0.3703382582988084
219,CEFC China Energy,43743,4.5,740.9,22578,Energy,Energy,China,29637,3916,-1.0552240781269766,-0.046233872818940404
220,Banco Bilbao Vizcaya Argentaria,43698,1.7,3842.8,771837,Banks: Commercial and Savings,Financials,Spain,134792,49952,0.6332080423124666,-0.7533326341046017
221,ThyssenKrupp,43589,-11.0,328.6,39411,Metals,Materials,Germany,156487,2362,-0.8175049956922844,0.5423451471761853
222,Saint-Gobain,43231,-6.4,1449.8,46158,"Building Materials, Glass",Materials,France,172696,19790,-0.4749349643924393,0.43174676757316804
223,Lenovo Group,43035,-4.2,535.1,27186,"Computers, Office Equipment",Technology,China,52000,3224,-1.0279370905614018,0.09384375816474178
224,Vinci,42771,-1.9,2770.1,71642,"Engineering, Construction",Engineering & Construction,France,183487,17365,-0.35079534191804757,0.3546095736513879
225,Nippon Steel & Sumitomo Metal,42757,4.6,1208.5,65182,Metals,Materials,Japan,100169,23555,-0.6039989363720899,0.06180752581520717
226,Bunge,42679,-1.8,745.0,19188,Food Production,"Food, Beverages & Tobacco",USA,32000,7144,-1.0159154543525415,-0.02038927718297171
227,Industrial Bank,42622,-8.2,8105.9,875731,Banks: Commercial and Savings,Financials,China,56236,50382,0.9557340688477596,-1.3452278259111474
228,E.ON,42213,-67.3,-9344.4,67179,Energy,Energy,Germany,43138,-1113,-1.8906838347466082,0.9419248453580682
229,Sberbank,42159,-7.6,8078.0,415730,Banks: Commercial and Savings,Financials,Russia,325075,46182,1.0638588686147121,0.1640425626929385
230,China Shipbuilding Industry,42149,17.0,485.8,69621,Industrial Machinery,Industrials,China,182129,17789,-0.5901485640513908,0.35589579397242477
231,Christian Dior,42113,0.5,1740.3,69870,Apparel,Apparel,France,120479,12293,-0.6469939386455589,0.17208634641439374
232,Coca-Cola,41863,-5.5,6527.0,87270,Beverages,"Food, Beverages & Tobacco",USA,100300,23062,-0.1010510396740696,-0.1959754448999623
233,Denso,41781,10.9,2377.6,46233,Motor Vehicles and Parts,Motor Vehicles & Parts,Japan,154493,29735,-0.3448062726936159,0.15270312272193942
234,Fujitsu,41620,5.4,816.7,28646,Information Technology Services,Technology,Japan,155069,7910,-0.759272460667593,0.38170090689332814
235,Guangzhou Automobile Industry Group,41560,20.7,551.9,30267,Motor Vehicles and Parts,Motor Vehicles & Parts,China,75908,3791,-1.0157861517362596,0.017260300578945797
236,Wilmar International,41402,6.8,972.2,37032,Food Production,"Food, Beverages & Tobacco",Singapore,90000,14435,-0.796903732443027,0.0772168766567114
237,Sanofi,41376,-0.2,5207.4,110390,Pharmaceuticals,Health Care,France,113816,60698,0.2692892724778722,-0.29208973070700167
238,China United Network Communications,41274,-6.4,23.2,88626,Telecommunications,Telecommunications,China,253724,11152,-0.5269416942356914,0.7949302811173183
239,Sumitomo Life Insurance,40921,31.6,517.5,308346,"Insurance: Life, Health (Mutual)",Financials,Japan,42245,8491,-0.8189253813918024,-0.4832703527287385
240,New York Life Insurance,40787,-11.1,1088.1,287196,"Insurance: Life, Health (Mutual)",Financials,USA,11320,20108,-0.6517514326762119,-0.4086360956171557
241,Centene,40721,78.6,562.0,20197,Health Care: Insurance and Managed Care,Health Care,USA,30500,5895,-1.177038739542403,-0.5075725796493183
242,Shanghai Pudong Development Bank,40689,-3.2,7992.8,842832,Banks: Commercial and Savings,Financials,China,52832,52946,0.9159299279328443,-1.3775811617769522
243,Hanwha,40606,11.0,423.7,128247,"Insurance: Life, Health (stock)",Financials,South Korea,49000,3650,-0.9988409104430739,-0.1293538709724869
244,Tata Motors,40329,-4.2,1111.6,42162,Motor Vehicles and Parts,Motor Vehicles & Parts,India,79558,8942,-0.863786978046295,0.10288238095164855
245,Aluminum Corp. of China,40278,6.0,-282.5,75089,Metals,Materials,China,121146,2669,-0.9679942447106717,0.2703235864797454
246,Mitsui,40275,1.6,2825.3,103231,Trading,Wholesalers,Japan,42316,33500,-0.4437506167073843,-0.33458775429926946
247,Manulife Financial,40238,49.4,2209.7,537461,"Insurance: Life, Health (stock)",Financials,Canada,34500,31197,-0.24396009365947796,-1.0466378007849715
248,China Minsheng Banking,40234,-5.2,7201.6,848389,Banks: Commercial and Savings,Financials,China,58720,49297,0.8144579208594808,-1.2945309217706018
249,China Pacific Insurance (Group),40193,2.2,1814.9,146873,"Insurance: Life, Health (stock)",Financials,China,97032,18960,-0.5644755221723535,-0.056753466728474936
250,American Airlines Group,40180,-2.0,2676.0,51274,Airlines,Transportation,USA,122300,3785,-0.6922970318543084,0.17977008845865186
251,Nationwide,40074,-0.4,334.3,197790,Insurance: Property and Casualty (Mutual),Financials,USA,34320,15537,-0.8250054547876622,-0.2394056967000377
252,Merck,39807,0.8,3920.0,95377,Pharmaceuticals,Health Care,USA,68000,40088,-0.22144096405429184,-0.3154639503533529
253,Cigna,39668,4.7,1867.0,59360,Health Care: Insurance and Managed Care,Health Care,USA,41000,13723,-0.820303585156341,-0.18289026196679561
254,Delta Air Lines,39639,-2.6,4373.0,51261,Airlines,Transportation,USA,83756,12287,-0.5183246037842646,-0.09800903135211692
255,Best Buy,39403,-0.9,1228.0,13856,Specialty Retailers,Retailing,USA,125000,4709,-0.8483294230141861,0.289116998734489
256,China National Building Material Group,39323,24.0,74.5,81224,"Building Materials, Glass",Materials,China,228448,5822,-0.7050416115758665,0.5265822101004616
257,Honeywell International,39302,1.9,4809.0,54146,"Electronics, Electrical Equip.",Technology,USA,131000,19369,-0.3026121843300426,-0.003648827954651753
258,JD.com,39155,35.7,-573.0,23077,Internet Services and Retailing,Technology,China,120622,4877,-1.0634083392567053,0.14070081761053946
259,Mitsubishi Electric,39119,6.9,1942.6,37519,"Electronics, Electrical Equip.",Technology,Japan,138700,18307,-0.5837487126808588,0.17184174196488253
260,ZF Friedrichshafen,38888,20.2,949.9,30719,Motor Vehicles and Parts,Motor Vehicles & Parts,Germany,136820,6134,-0.8513738765415215,0.19624562126503883
261,Caterpillar,38537,-18.0,-67.0,74704,Construction and Farm Machinery,Industrials,USA,95400,13137,-0.860081568251259,0.24170513441883149
262,Liberty Mutual Insurance Group,38308,-2.9,1006.0,125592,Insurance: Property and Casualty (Stock),Financials,USA,50000,20366,-0.74778260517284,-0.1649289585759965
263,Power Corp. of Canada,38286,27.9,855.5,315387,"Insurance: Life, Health (stock)",Financials,Canada,30259,10339,-0.8057004108349373,-0.5656331908327913
264,Morgan Stanley,37949,0.1,5979.0,814949,Banks: Commercial and Savings,Financials,USA,55311,76050,0.9617922442463613,-1.3740259123871934
265,Hengli Group,37880,12.2,821.7,14838,Textiles,Industrials,China,61400,5498,-1.0384996035800242,-0.02903621418413325
266,SSE,37813,-12.7,2082.9,29899,Utilities,Energy,Britain,21157,7842,-0.9324621150635892,-0.13003459847806853
267,Massachusetts Mutual Life Insurance,37788,-1.2,1273.5,271040,"Insurance: Life, Health (Mutual)",Financials,USA,11737,15424,-0.7472950594266534,-0.4679484462080169
268,Goldman Sachs Group,37712,-3.8,7398.0,860165,Banks: Commercial and Savings,Financials,USA,34400,86893,1.220362074376185,-1.602574582383171
269,Johnson Controls International,37674,-6.3,-868.0,63253,Industrial Machinery,Industrials,Ireland,209000,24118,-0.6005420395618519,0.6079343486972089
270,GlaxoSmithKline,37642,3.0,1230.9,72985,Pharmaceuticals,Health Care,Britain,99300,1389,-0.9142283214859409,0.10466005085326797
271,China Huaneng Group,37543,-13.1,-85.9,144306,Energy,Energy,China,143691,7512,-0.7886503377036581,0.342483361738661
272,Energy Transfer Equity,37504,-11.0,995.0,79011,Pipelines,Energy,USA,30992,-1694,-1.0911204303143875,-0.05550990938446107
273,Shenhua Group,37322,-0.8,1916.9,140911,"Mining, Crude-Oil Production",Energy,China,202200,47962,-0.017414910575893026,0.21396994531250854
274,Greenland Holding Group,37240,12.8,1085.2,105495,Real estate,Financials,China,39887,8333,-0.9554862314507834,-0.23965648378055707
275,TIAA,37105,5.5,1492.3,523194,"Insurance: Life, Health (Mutual)",Financials,USA,12997,35583,-0.2849597318871279,-0.8633437874810087
276,Jardine Matheson,37051,0.1,2503.0,71523,Motor Vehicles and Parts,Motor Vehicles & Parts,China,430000,21800,0.12572591428951105,1.229005268982741
277,Oracle,37047,-3.1,8901.0,112180,Computer Software,Technology,USA,136000,47289,0.45209248228174703,-0.37663860242439856
278,ACS,36992,-4.5,830.5,35196,"Engineering, Construction",Engineering & Construction,Spain,117542,3778,-0.9124810071887169,0.2629473569366387
279,Sumitomo,36888,10.4,1577.1,69669,Trading,Wholesalers,Japan,70900,21241,-0.7209173784455292,-0.1551758884686575
280,Tyson Foods,36881,-10.9,1768.0,22373,Food Production,"Food, Beverages & Tobacco",USA,114000,9608,-0.7669157357415034,0.22351626646677927
281,Barclays,36789,-25.7,2807.4,1498612,Banks: Commercial and Savings,Financials,Britain,119300,80140,1.4498516541953734,-1.5264402378976831
282,Poste Italiane,36617,7.4,687.8,203760,"Insurance: Life, Health (stock)",Financials,Italy,136739,8578,-0.706184200113546,0.07834221024693325
283,Centrica,36580,-14.4,2256.7,27046,Utilities,Energy,Britain,38278,3293,-0.9488356317017073,-0.05322147542751202
284,United Continental Holdings,36556,-3.5,2263.0,40140,Airlines,Transportation,USA,88000,8659,-0.7849099652341662,0.035927576816149276
285,Allstate,36534,2.5,1877.0,108610,Insurance: Property and Casualty (Stock),Financials,USA,43275,20573,-0.7187136978566901,-0.27057335090698387
286,Pertamina,36487,-12.6,3147.0,47233,Petroleum Refining,Energy,Indonesia,27227,21864,-0.6519043255228201,-0.25511964441911056
287,Magna International,36445,7.6,2031.0,22566,Motor Vehicles and Parts,Motor Vehicles & Parts,Canada,155450,9768,-0.6846705610460788,0.25325659570931613
288,UBS Group,36230,-5.9,3252.2,920291,Banks: Commercial and Savings,Financials,Switzerland,59387,52777,0.5188627287504076,-1.1987667949504974
289,Intesa Sanpaolo,36225,-14.2,3440.3,764712,Banks: Commercial and Savings,Financials,Italy,89126,51583,0.4632776164529288,-0.8826058081645797
290,George Weston,36211,-1.3,414.9,28299,Food and Drug Stores,Food & Drug Stores,Canada,195000,5790,-0.7846285201701365,0.5544556019186193
291,Mitsubishi Heavy Industries,36122,7.2,809.6,49205,Industrial Machinery,Industrials,Japan,82728,15074,-0.8618056954621909,-0.009314391438229123
292,Rajesh Exports,36114,43.1,185.8,3717,Trading,Wholesalers,India,328,868,-1.3464111373657968,-0.39758258992173845
293,Pegatron,35891,-6.1,599.6,13776,"Computers, Office Equipment",Technology,Taiwan,196251,4601,-0.7885303945831783,0.5944730991007352
294,Meiji Yasuda Life Insurance,35767,0.4,2064.8,362739,"Insurance: Life, Health (Mutual)",Financials,Japan,41872,12074,-0.5989645761964283,-0.5031254414594513
295,Maersk Group,35464,-12.0,-1939.0,61118,Shipping,Transportation,Denmark,87736,31258,-0.8773779273371385,0.18616605016979187
296,SABIC,35421,-10.3,4757.1,84489,Chemicals,Chemicals,Saudi Arabia,35000,43471,-0.20984041214149476,-0.4665041355974433
297,Bouygues,35277,-2.2,809.5,36758,"Engineering, Construction",Engineering & Construction,France,117997,8585,-0.8741037561416963,0.21388760488552724
298,Volvo,35269,-4.8,1535.8,43924,Motor Vehicles and Parts,Motor Vehicles & Parts,Sweden,89477,10577,-0.8329261341157154,0.06466552602360053
299,Talanx,35101,-0.8,1003.0,165124,Insurance: Property and Casualty (Stock),Financials,Germany,20039,9574,-0.9418363592433527,-0.31670370359610567
300,Lufthansa Group,35011,-1.5,1964.0,36593,Airlines,Transportation,Germany,107276,7446,-0.8082688434202893,0.10832160065408365
301,Royal Bank of Canada,34904,0.3,7839.6,880724,Banks: Commercial and Savings,Financials,Canada,75510,52994,0.9187208760845401,-1.3966591324144775
302,Accenture,34798,5.7,4111.9,20609,Information Technology Services,Technology,Ireland,384000,7555,-0.06703002872142673,1.0229571821499979
303,Repsol,34485,-12.5,1919.7,68392,Petroleum Refining,Energy,Spain,24396,32553,-0.642675012618165,-0.2857467438705138
304,China Vanke,34458,17.5,3164.5,119555,Real estate,Financials,China,58280,16324,-0.6533012895513886,-0.38486460138267164
305,Publix Super Markets,34274,5.1,2025.7,17464,Food and Drug Stores,Food & Drug Stores,USA,191000,13473,-0.5897375425422285,0.37346070881324955
306,Edeka Zentrale,34193,6.8,356.0,6921,Wholesalers: Food and Grocery,Wholesalers,Germany,351500,1729,-0.5662014855801869,1.1292202841067742
307,J. Sainsbury,34149,-3.5,490.9,24674,Food and Drug Stores,Food & Drug Stores,Britain,118700,7971,-0.9287900395963383,0.24583654694511053
308,Alimentation Couche-Tard,34145,-1.1,1193.5,12304,Food and Drug Stores,Food & Drug Stores,Canada,105000,5044,-0.9418812593494906,0.16585241785042779
309,China Energy Engineering Group,33930,2.1,421.0,44181,"Engineering, Construction",Engineering & Construction,China,169173,5140,-0.8589604519340523,0.3999743301005394
310,Hyundai Heavy Industries,33881,-17.1,469.8,40783,Industrial Machinery,Industrials,South Korea,30767,13197,-1.019225638169589,-0.05043957151963478
311,ABB,33828,-4.7,1899.0,39499,Industrial Machinery,Industrials,Switzerland,132300,13395,-0.6957866030972676,0.18726617661280623
312,American Express,33823,-1.8,5408.0,158893,Diversified Financials,Financials,USA,56400,20501,-0.3493030240455858,-0.46338903319037883
313,Rio Tinto Group,33781,-3.0,4617.0,89263,"Mining, Crude-Oil Production",Energy,Britain,51029,39290,-0.2623525503932299,-0.4433810128660036
314,SNCF Mobilites,33747,3.8,565.1,39993,Railroads,Transportation,France,193718,4696,-0.8083183295757259,0.4805189864672922
315,CRRC,33739,-10.8,1700.3,48681,Industrial Machinery,Industrials,China,183061,15088,-0.5740754592018134,0.4114251926327814
316,CK Hutchison Holdings,33475,47.4,4252.4,130721,Specialty Retailers,Retailing,China,290000,54777,0.34749529392876133,0.08221930647699614
317,Jizhong Energy Group,33366,-11.8,-153.9,30819,"Mining, Crude-Oil Production",Energy,China,127298,2042,-1.033261677700461,0.37468777417726024
318,TJX,33184,7.2,2298.2,12884,Specialty Retailers,Retailing,USA,235000,4511,-0.6003580163593106,0.5472479775435621
319,Xinxing Cathay International Group,33174,1.9,448.2,18705,Metals,Materials,China,59429,4585,-1.117478883489665,0.00020777427353841567
320,Hyundai Mobis,32972,-0.7,2617.8,34541,Motor Vehicles and Parts,Motor Vehicles & Parts,South Korea,29499,23596,-0.7361083662552173,-0.3160210504011286
321,Aisin Seiki,32879,21.6,1168.9,29964,Motor Vehicles and Parts,Motor Vehicles & Parts,Japan,99389,11098,-0.9105402566141486,-0.04473243474254656
322,Rite Aid,32845,6.9,4.1,11594,Food and Drug Stores,Food & Drug Stores,USA,70430,614,-1.199390813409358,0.05786592737182241
323,Shaanxi Yanchang Petroleum (Group),32652,2.8,-22.6,45552,"Mining, Crude-Oil Production",Energy,China,134134,14063,-0.8759965429721677,0.23420509146203425
324,DZ Bank,32636,4.6,1623.4,537278,Banks: Commercial and Savings,Financials,Germany,28264,21160,-0.44760774666599024,-0.8019318809908159
325,UniCredit Group,32539,-5.9,-13038.0,906489,Banks: Commercial and Savings,Financials,Italy,117659,41484,-1.0333303310837498,-0.06196006706258493
326,China Everbright Group,32461,-1.3,1877.8,627701,Banks: Commercial and Savings,Financials,China,61400,15661,-0.34080160308774765,-0.7239484159695263
327,Daiwa House Industry,32421,21.9,1861.5,31917,"Engineering, Construction",Engineering & Construction,Japan,60539,10761,-0.9345997995380588,-0.2379736560506067
328,Nike,32376,5.8,3760.0,21396,Apparel,Apparel,USA,70700,12258,-0.7100131375374725,-0.2028959281087001
329,Iberdrola,32308,-7.3,2991.3,112536,Utilities,Energy,Spain,28389,38695,-0.4538820429736341,-0.4512517993467377
330,Commonwealth Bank of Australia,32287,-14.3,6712.9,694565,Banks: Commercial and Savings,Financials,Australia,45129,44816,0.4917571566497184,-1.1659193726486279
331,Sinomach,32237,-8.2,502.0,39142,Industrial Machinery,Industrials,China,115390,8930,-0.9235665797123147,0.2235303236335603
332,Fresenius,32161,4.9,1761.6,48984,Health Care: Medical Facilities,Health Care,Germany,232873,13186,-0.5255261495159274,0.4986401820548614
333,China Aerospace Science & Technology,32094,5.0,1996.2,55721,Aerospace and Defense,Aerospace & Defense,China,170357,21440,-0.5279011770329717,0.2031007423609109
334,Shaanxi Coal & Chemical Industry,31926,5.3,-254.4,64151,"Mining, Crude-Oil Production",Energy,China,123559,5769,-1.01425614721767,0.20096167133864606
335,China Evergrande Group,31828,50.2,2368.8,194384,Real estate,Financials,China,89250,22618,-0.5932157044577215,-0.5447080709266546
336,Jiangxi Copper,31680,0.4,20.4,16108,"Mining, Crude-Oil Production",Energy,China,25460,2967,-1.2609943478396726,-0.10242591460215758
337,Sompo Holdings,31559,16.4,1535.7,107092,Insurance: Property and Casualty (Stock),Financials,Japan,47430,8424,-0.9577342664460126,-0.3124824623290664
338,China Poly Group,31508,18.1,744.1,95657,Real estate,Financials,China,76425,7676,-0.9918022337797014,-0.15405925458843633
339,Chubb,31469,65.7,4135.0,159786,Insurance: Property and Casualty (Stock),Financials,Switzerland,31000,48275,-0.2945483838806586,-1.0334308932755545
340,Zhejiang Geely Holding Group,31430,19.5,1265.7,29749,Motor Vehicles and Parts,Motor Vehicles & Parts,China,60712,5896,-1.0559811912681194,-0.17713704611495318
341,Exelon,31360,6.5,1134.0,114904,Utilities,Energy,USA,34396,25837,-0.792614804387796,-0.3657449335445109
342,General Dynamics,31353,-0.4,2955.0,32872,Aerospace and Defense,Aerospace & Defense,USA,98800,10976,-0.7334852958197899,-0.030520682550743465
343,BT Group,31333,9.3,2484.6,52972,Telecommunications,Telecommunications,Britain,106400,10420,-0.7638452846672725,-0.05161794124526336
344,Canon,31271,-0.4,1385.0,44062,"Computers, Office Equipment",Technology,Japan,197673,23865,-0.5089134903983403,0.36681667301325066
345,Wuchan Zhongda Group,31185,7.3,324.3,11018,Trading,Wholesalers,China,18150,2900,-1.267521867851725,-0.1871555587299428
346,Mitsubishi Chemical Holdings,31158,5.6,1442.1,40064,Chemicals,Chemicals,Japan,69291,9796,-0.9504845529758691,-0.10102879819114827
347,BHP Billiton,30912,-40.9,-6385.0,118953,"Mining, Crude-Oil Production",Energy,Australia,26827,54290,-1.0877770609528008,0.16623571303190726
348,Toronto-Dominion Bank,30855,2.3,6646.1,878268,Banks: Commercial and Savings,Financials,Canada,81233,54148,0.7904999171409545,-1.3624451860094817
349,Subaru,30696,14.0,2605.8,24794,Motor Vehicles and Parts,Motor Vehicles & Parts,Japan,36668,13285,-0.897752653838172,-0.3429203472025305
350,Bridgestone,30678,-2.0,2441.3,31901,Motor Vehicles and Parts,Motor Vehicles & Parts,Japan,143616,20268,-0.5811417047939796,0.13372247775933213
351,Credit Suisse Group,30588,-13.0,-2750.7,806950,Banks: Commercial and Savings,Financials,Switzerland,47170,41237,-0.33560275298181064,-0.7659807875194372
352,China Aerospace Science & Industry,30582,9.7,1443.7,36999,Aerospace and Defense,Aerospace & Defense,China,148682,13654,-0.7541803915995944,0.16003817679506643
353,JFE Holdings,30539,6.8,627.0,38920,Metals,Materials,Japan,60439,15632,-0.9811750535813436,-0.1272580368582276
354,Mizuho Financial Group,30390,13.5,5570.1,1799736,Banks: Commercial and Savings,Financials,Japan,59179,62843,1.5055567960725762,-2.432923943267085
355,Gilead Sciences,30390,-6.9,13501.0,56977,Pharmaceuticals,Health Care,USA,9000,18887,0.1596398022547012,-0.9772115886205218
356,CHS,30347,-12.2,424.2,17318,Food Production,"Food, Beverages & Tobacco",USA,12157,7852,-1.187742700775433,-0.13525550432495248
357,Bharat Petroleum,30316,4.2,1300.5,16801,Petroleum Refining,Energy,India,13395,4747,-1.1654757359409291,-0.2620730340945043
358,3M,30109,-0.5,5050.0,32906,Miscellaneous,Industrials,USA,91584,10298,-0.5775008718088676,-0.18051599058652198
359,China Electronics,30010,-4.8,321.9,36575,"Electronics, Electrical Equip.",Technology,China,144659,4831,-0.9582907626170336,0.32426210235753394
360,CRH,29973,14.3,1374.6,33320,"Building Materials, Glass",Materials,Ireland,86778,14654,-0.8909729755362885,-0.10701849740060218
361,China State Shipbuilding,29877,-1.0,367.6,40773,Industrial Machinery,Industrials,China,68025,9164,-1.0621368704365803,-0.018419902398761533
362,Jiangsu Shagang Group,29862,-8.8,352.1,23720,Metals,Materials,China,35133,5584,-1.178535191195558,-0.06491344470225059
363,China COSCO Shipping,29743,29.5,1489.0,94792,Shipping,Transportation,China,106478,24148,-0.6961666583375671,-0.23301282901976372
364,Mazda Motor,29665,4.5,865.5,22660,Motor Vehicles and Parts,Motor Vehicles & Parts,Japan,48849,8455,-1.0893619147039852,-0.13221931981938465
365,State Power Investment,29493,-3.7,436.6,126068,Energy,Energy,China,127343,8477,-0.8708361133840286,0.13375326084446318
366,Taiwan Semiconductor Manufacturing,29388,10.6,10283.7,58535,Semiconductors and Other Electronic Components,Technology,Taiwan,46968,42174,0.19381341439521568,-0.8706677108720352
367,Vale,29363,14.7,3982.0,99014,"Mining, Crude-Oil Production",Energy,Brazil,73062,39042,-0.33746301468971185,-0.4801622304088366
368,Time Warner,29318,4.3,3926.0,65966,Entertainment,Media,USA,25000,24335,-0.6336702267845365,-0.5038370978038004
369,Shandong Energy Group,29299,16.6,39.2,39887,"Mining, Crude-Oil Production",Energy,China,179689,6575,-0.9238869757639278,0.32936595540757285
370,Suzuki Motor,29252,10.4,1476.2,27969,Motor Vehicles and Parts,Motor Vehicles & Parts,Japan,62992,10318,-0.9895328898011246,-0.1635008609747833
371,LyondellBasell Industries,29183,-10.9,3836.0,23442,Chemicals,Chemicals,Netherlands,13000,6048,-0.9045824361670867,-0.33496654718897884
372,Royal Philips,29003,1.1,1601.3,34068,Medical Products and Equipment,Health Care,Netherlands,114731,13289,-0.8206796222656868,0.061956414860114314
373,Charter Communications,29003,197.3,3522.0,149067,Telecommunications,Telecommunications,USA,91500,40139,-0.5342014843400915,-1.5270465682842256
374,Medtronic,28833,42.3,3538.0,99782,Medical Products and Equipment,Health Care,Ireland,98017,52063,-0.2106330542032069,-0.5853678999889801
375,Northwestern Mutual,28799,2.4,818.0,250441,"Insurance: Life, Health (Mutual)",Financials,USA,5646,20226,-0.8547813627161559,-0.5725631353788634
376,L’Oreal,28572,2.0,3434.5,37577,Household and Personal Products,Household Products,France,89331,25840,-0.5561963766344414,-0.201530704829765
377,Dalian Wanda Group,28483,4.0,110.3,152701,Real estate,Financials,China,155905,17237,-0.73386808903765,0.1413506686544457
378,Medipal Holdings,28277,12.1,267.7,13696,Wholesalers: Health Care,Wholesalers,Japan,15745,3607,-1.3021770124558034,-0.2550701810334324
379,China Huadian,28204,-10.3,360.6,112115,Utilities,Energy,China,107000,7947,-0.9417129470695176,0.10331691463096558
380,AIA Group,28196,21.1,4164.0,185074,"Insurance: Life, Health (stock)",Financials,China,20000,34984,-0.4270542713990665,-0.8126622506795356
381,Hindustan Petroleum,28166,-2.3,1228.1,12370,Petroleum Refining,Energy,India,10422,3245,-1.212782006118728,-0.24043624723936588
382,Migros Group,28155,-1.2,693.3,62536,Food and Drug Stores,Food & Drug Stores,Switzerland,77704,17132,-0.9146619699938963,-0.07021048115114846
383,Air France-KLM Group,27920,-3.4,875.8,24185,Airlines,Transportation,France,82175,1354,-1.1113518378097245,0.053940938802589045
384,Compass Group,27837,2.5,1408.5,13693,Food Services,"Hotels, Restaurants & Leisure",Britain,527180,3254,-0.14220966521551476,1.6971002946093916
385,Schlumberger,27810,-21.6,-1687.0,77956,Oil & Gas Equipment Services,Energy,USA,100000,41078,-0.7594534503710146,0.14497641238714465
386,Kansai Electric Power,27792,2.8,1299.3,61513,Utilities,Energy,Japan,32666,11205,-1.0335150815482013,-0.2766991114326431
387,Quanta Computer,27715,-12.7,469.3,18229,"Computers, Office Equipment",Technology,Taiwan,92698,4123,-1.0878953175147192,0.16390467916353776
388,Westpac Banking,27704,-10.8,5477.0,642083,Banks: Commercial and Savings,Financials,Australia,35280,44468,0.26018156696655764,-1.1457959173333754
389,Coop Group,27669,2.8,482.1,18369,Food and Drug Stores,Food & Drug Stores,Switzerland,73451,8250,-1.0974315050174666,-0.020672731743331983
390,Facebook,27638,54.2,10217.0,64961,Internet Services and Retailing,Technology,USA,17048,59194,0.26185368582158425,-1.3359779282682522
391,Travelers Cos.,27625,3.1,3014.0,100245,Insurance: Property and Casualty (Stock),Financials,USA,30900,23221,-0.7047509690180412,-0.4706308539614041
392,Capital One Financial,27519,9.6,3751.0,357033,Banks: Commercial and Savings,Financials,USA,47300,47514,-0.10404860118695199,-0.8518480343184185
393,Twenty-First Century Fox,27326,-5.7,2755.0,48365,Entertainment,Media,USA,21500,13661,-0.8981558237758235,-0.3497593866856071
394,China Guodian,27315,-10.5,268.7,114611,Energy,Energy,China,124056,7496,-0.9269704286174083,0.1658228498747464
395,LafargeHolcim,27308,11.4,1817.9,68521,"Building Materials, Glass",Materials,Switzerland,90903,30337,-0.6452944651320375,-0.2258947901881304
396,Schneider Electric,27307,-7.6,1935.2,44137,"Electronics, Electrical Equip.",Technology,France,143901,21614,-0.6262336504663103,0.1454698231981259
397,China Electronics Technology Group,27292,3.3,1611.6,35898,Aerospace and Defense,Aerospace & Defense,China,158064,15895,-0.7175200558883085,0.1852366194164976
398,USAA,27131,11.4,1779.1,147290,Insurance: Property and Casualty (Stock),Financials,USA,29943,28840,-0.7279881056436343,-0.5327704205984012
399,World Fuel Services,27016,-11.1,126.5,5413,Energy,Energy,USA,5000,1925,-1.3459653440780062,-0.14726254998734614
400,Phoenix Pharmahandel,26976,5.2,135.4,9292,Wholesalers: Health Care,Wholesalers,Germany,26611,2732,-1.3099031652464175,-0.16941445051895365
401,Veolia Environnement,26972,-2.6,423.6,40022,Utilities,Energy,France,156225,8173,-0.9150424473205562,0.303477432335241
402,National Australia Bank,26958,-21.1,259.0,594967,Banks: Commercial and Savings,Financials,Australia,34263,39244,-0.3146220561968669,-0.7415932489561099
403,Philip Morris International,26685,-0.4,6967.0,36851,Tobacco,"Food, Beverages & Tobacco",USA,79500,-12688,-0.7364617096189645,-0.2703827701957084
404,Deere,26644,-7.7,1523.9,57981,Construction and Farm Machinery,Industrials,USA,56767,6520,-1.0204933466860293,-0.12160417916667635
405,East Japan Railway,26587,11.3,2565.0,71009,Railroads,Transportation,Japan,85834,23253,-0.6782148123151699,-0.26459831116244026
406,Achmea,26494,2.8,-423.5,98096,"Insurance: Life, Health (Mutual)",Financials,Netherlands,14921,10308,-1.2203463732359976,-0.29663083850146343
407,Kraft Heinz,26487,44.4,3632.0,120480,Food Consumer Products,"Food, Beverages & Tobacco",USA,41000,57358,-0.263983812905777,-0.8872528469186168
408,Cathay Life Insurance,26292,14.9,934.0,172442,"Insurance: Life, Health (stock)",Financials,Taiwan,36578,11212,-0.9967882379034705,-0.4406387501651645
409,Tech Data,26235,-0.5,195.1,7932,Wholesalers: Electronics and Office Equipment,Wholesalers,USA,9500,2170,-1.3473240950686862,-0.20765992985942655
410,Samsung Life Insurance,26222,7.0,1770.3,219157,"Insurance: Life, Health (stock)",Financials,South Korea,5284,22064,-0.8043794881296138,-0.653512815213593
411,Avnet,26219,-6.1,506.5,11240,Wholesalers: Electronics and Office Equipment,Wholesalers,USA,17700,4691,-1.2614132789461547,-0.1741885296824446
412,Nokia,26113,73.4,-847.1,47354,Network and Other Communications Equipment,Technology,Finland,102687,21192,-1.087634549357649,-0.3545542579643303
413,Enbridge,26073,-1.4,1560.9,64011,Pipelines,Energy,Canada,7733,15949,-1.0128641316783331,-0.4005766106729547
414,Gas Natural Fenosa,26070,-11.5,1489.6,49688,Utilities,Energy,Spain,17229,16057,-0.9970690153009234,-0.286298072536381
415,Australia & New Zealand Banking Group,26032,-10.1,4199.9,699976,Banks: Commercial and Savings,Financials,Australia,46554,44237,0.19498672964451452,-1.1109654395247477
416,LM Ericsson,26004,-11.2,200.5,31199,Network and Other Communications Equipment,Technology,Sweden,111464,15395,-0.945553507006047,0.16418080565907986
417,Sumitomo Electric Industries,25975,6.3,992.7,26062,Motor Vehicles and Parts,Motor Vehicles & Parts,Japan,248330,11769,-0.6637128920913337,0.5621021304662697
418,Mondelez International,25923,-12.5,1659.0,61538,Food Consumer Products,"Food, Beverages & Tobacco",USA,90000,25161,-0.7119585865337424,-0.06288246081450967
419,Old Mutual,25913,23.8,769.3,211943,"Insurance: Life, Health (stock)",Financials,Britain,68527,9949,-0.9439580240649685,-0.4004261257490188
420,Idemitsu Kosan,25888,-1.0,813.7,23711,Petroleum Refining,Energy,Japan,9139,3852,-1.2607849158528905,-0.2662207893264303
421,Bank of Nova Scotia,25817,2.8,5362.2,668805,Banks: Commercial and Savings,Financials,Canada,88901,41975,0.31523339283618834,-1.04920763483699
422,Macy’s,25778,-4.8,619.0,19851,General Merchandisers,Retailing,USA,148300,4323,-0.985954853265775,0.3010986962969173
423,Mapfre Group,25775,3.9,857.5,71590,Insurance: Property and Casualty (Stock),Financials,Spain,37020,9625,-1.0970963472066353,-0.2651390178606381
424,La Poste,25760,0.8,938.9,257526,"Mail, Package, and Freight Delivery",Transportation,France,240407,11513,-0.4886239980645211,0.33108211280420197
425,Inditex,25733,11.6,3485.0,21203,Specialty Retailers,Retailing,Spain,162450,13738,-0.6025388120973699,0.06019131725493421
426,AbbVie,25638,12.2,5953.0,66099,Pharmaceuticals,Health Care,USA,30000,4636,-0.7238565886914008,-0.5930456246912138
427,Datong Coal Mine Group,25630,-19.8,-214.8,40012,"Mining, Crude-Oil Production",Energy,China,162542,3169,-1.0112376793376887,0.47307706398616456
428,Lotte Shopping,25444,-1.2,144.9,34710,General Merchandisers,Retailing,South Korea,26357,13502,-1.1645489694883004,-0.21910935268241022
429,Standard Life,25279,46.9,496.7,235324,Diversified Financials,Financials,Britain,6302,5370,-1.1698199519091932,-0.7714290238598468
430,Shanxi Coking Coal Group,25123,-19.1,-10.0,39206,"Mining, Crude-Oil Production",Energy,China,209817,4318,-0.8880818323025719,0.6300729777831434
431,Adecco Group,25112,2.9,799.5,10651,Temporary Help,Business Services,Switzerland,33000,3918,-1.236111079331692,-0.19151200272979335
432,International Airlines Group,24956,-1.6,2135.4,28868,Airlines,Transportation,Britain,63387,5649,-1.0109778579145858,-0.14840842586495337
433,McDonald’s,24622,-3.1,4686.5,31024,Food Services,"Hotels, Restaurants & Leisure",USA,375000,-2204,-0.23190982966377394,0.9439134607057493
434,NEC,24596,4.5,252.0,24091,Information Technology Services,Technology,Japan,107729,7668,-1.0830366144419425,0.08065458354570897
435,DuPont,24594,-12.0,2513.0,39964,Chemicals,Chemicals,USA,46000,9998,-0.9399962034435375,-0.20708363234190855
436,China National Aviation Fuel Group,24588,11.3,320.0,6093,Wholesalers: Diversified,Wholesalers,China,11739,2263,-1.363907720869512,-0.2900382196545378
437,Northrop Grumman,24508,4.2,2200.0,25614,Aerospace and Defense,Aerospace & Defense,USA,67000,5259,-1.0173192357468495,-0.17177610395977164
438,Brookfield Asset Management,24411,22.6,1651.0,159826,Diversified Financials,Financials,Canada,55700,26453,-0.7471365997249224,-0.5219241567151536
439,Mercantil Servicios Financieros,24403,50.3,2004.2,148659,Banks: Commercial and Savings,Financials,Venezuela,8370,7550,-1.0875339938621815,-0.795195199484457
440,SAP,24397,5.8,4031.9,46696,Computer Software,Technology,Germany,84183,27817,-0.5272807427837207,-0.33356863325821867
441,ConocoPhillips,24360,-21.3,-3615.0,89772,"Mining, Crude-Oil Production",Energy,USA,13300,34974,-1.2124128430175045,-0.10288779211663303
442,Yangquan Coal Industry Group,24284,-14.2,11.1,30793,"Mining, Crude-Oil Production",Energy,China,146236,1783,-1.0695370605719399,0.3675750800579474
443,Danone,24267,-2.4,1902.1,46350,Food Consumer Products,"Food, Beverages & Tobacco",France,99187,13825,-0.8508155259057731,-0.05286239976836012
444,Samsung C&T,24217,105.2,92.5,36816,"Engineering, Construction",Engineering & Construction,South Korea,13898,15155,-1.3277599174533639,-0.9162249374885681
445,Shanxi LuAn Mining Group,24087,-15.9,-106.9,29026,"Mining, Crude-Oil Production",Energy,China,95666,2542,-1.1762728162036449,0.18698728697657752
446,Raytheon,24069,3.5,2211.0,30052,Aerospace and Defense,Aerospace & Defense,USA,63000,10066,-0.9660628127177212,-0.21267582173243677
447,Midea Group,24060,8.5,2210.4,24549,"Electronics, Electrical Equip.",Technology,China,126418,8796,-0.8624833149887852,0.011630061110031415
448,Chubu Electric Power,24028,1.1,1058.2,48580,Utilities,Energy,Japan,30635,14695,-1.063469306042294,-0.2986551182317403
449,BAE Systems,24011,-6.4,1232.3,28383,Aerospace and Defense,Aerospace & Defense,Britain,76000,4247,-1.0878338840909656,-0.024945395907071163
450,Andeavor,24005,-14.7,734.0,20398,Petroleum Refining,Energy,USA,6308,5465,-1.2575332416683314,-0.21277556083030524
451,China Datang,23871,-9.7,243.9,101631,Energy,Energy,China,97091,7371,-1.0324084407717784,0.04017142817557457
452,Flex,23863,-2.3,319.6,12593,Semiconductors and Other Electronic Components,Technology,Singapore,200000,2645,-0.9557692135150067,0.49704756147437607
453,Arrow Electronics,23825,2.3,522.8,14206,Wholesalers: Electronics and Office Equipment,Wholesalers,USA,18700,4413,-1.2937980894207757,-0.24561450917261218
454,Compal Electronics,23773,-10.9,252.1,10769,"Computers, Office Equipment",Technology,Taiwan,64728,3283,-1.223278154430128,0.03164792318782011
455,Yango Financial Holding,23657,11.5,159.2,24231,Diversified Financials,Financials,China,10234,1925,-1.3800842448800075,-0.3140655943234514
456,Qualcomm,23554,-6.8,5705.0,52359,Semiconductors and Other Electronic Components,Technology,USA,30500,31778,-0.4237685119417625,-0.5861604853159528
457,Alfresa Holdings,23551,9.7,285.1,11273,Wholesalers: Health Care,Wholesalers,Japan,13217,2993,-1.3590464623004124,-0.2911805252572995
458,Alibaba Group Holding,23517,47.9,6489.5,73538,Internet Services and Retailing,Technology,China,50097,40454,-0.2626437714695701,-0.9371527878420003
459,Koc Holding,23456,-8.1,1144.2,25047,Energy,Energy,Turkey,95456,7345,-1.024415233961854,0.04944503445346275
460,Progressive,23441,12.4,1031.0,33428,Insurance: Property and Casualty (Stock),Financials,USA,31721,7957,-1.1789464317134908,-0.3215629120747267
461,Duke Energy,23369,-1.0,2152.0,132761,Utilities,Energy,USA,28798,41033,-0.5817314185713102,-0.5566337841840879
462,Michelin,23120,-1.7,1853.4,26705,Motor Vehicles and Parts,Motor Vehicles & Parts,France,105654,11178,-0.902827597538919,-0.009223164937446916
463,Country Garden Holdings,23044,27.9,1733.6,85124,Real estate,Financials,China,94450,10091,-0.9413177756219587,-0.2767741570529394
464,Heineken Holding,23044,-0.7,861.5,41469,Beverages,"Food, Beverages & Tobacco",Netherlands,73525,6958,-1.1002252565213329,-0.08208223299274736
465,Enterprise Products Partners,23022,-14.8,2513.1,52194,Pipelines,Energy,USA,6800,22047,-0.8763798121043012,-0.41929734002205504
466,AstraZeneca,23002,-6.9,3499.0,62526,Pharmaceuticals,Health Care,Britain,59700,14854,-0.7667750532334998,-0.29718384926284014
467,Amgen,22991,6.1,7722.0,77626,Pharmaceuticals,Health Care,USA,19200,29875,-0.2875845822614894,-0.8386906019068883
468,Rabobank Group,22956,-4.4,828.3,698790,Banks: Commercial and Savings,Financials,Netherlands,40029,27232,-0.37124988094291345,-0.9419294120280162
469,Altice,22953,42.2,-1722.5,84805,Telecommunications,Telecommunications,Netherlands,49732,-2668,-1.5234991019628112,-0.29119666438757347
470,Onex,22943,3.8,-130.0,42913,Semiconductors and Other Electronic Components,Technology,Canada,161000,-490,-1.106829008074236,0.30965534033543807
471,US Foods Holding,22919,-0.9,209.8,8945,Wholesalers: Food and Grocery,Wholesalers,USA,25000,2538,-1.341253353217749,-0.18071145154164378
472,Shanxi Jincheng Anthracite Coal Mining Group,22875,-17.0,3.0,32954,"Mining, Crude-Oil Production",Energy,China,135691,2988,-1.0858290527475247,0.3235424359014031
473,Randstad Holding,22873,7.3,650.2,9624,Temporary Help,Business Services,Netherlands,32280,4366,-1.2748170373708283,-0.2343425339050714
474,Tencent Holdings,22871,39.7,6185.9,56968,Internet Services and Retailing,Technology,China,38775,25128,-0.5084975881499855,-0.8394260360127276
475,LG Display,22840,-9.0,781.4,20606,"Electronics, Electrical Equip.",Technology,South Korea,49094,10729,-1.1205527117596117,-0.11886691044248471
476,Emirates Group,22799,0.3,340.3,33096,Airlines,Transportation,U.A.E,64768,9395,-1.1471103346685991,-0.09739650220559676
477,U.S. Bancorp,22744,5.8,5888.0,445964,Banks: Commercial and Savings,Financials,USA,71191,47298,0.16972915489171284,-0.9887560263368467
478,H & M Hennes & Mauritz,22618,4.6,2192.3,10681,Specialty Retailers,Retailing,Sweden,114586,6635,-0.9353792982442527,4.010817657788875e-05
479,Aflac,22559,8.1,2659.0,129819,"Insurance: Life, Health (stock)",Financials,USA,10212,20482,-0.845119744647374,-0.6266899111772338
480,Sodexo,22477,-2.0,707.2,15766,Food Services,"Hotels, Restaurants & Leisure",France,425594,4085,-0.4506064514570578,1.3162171359514911
481,Suning Commerce Group,22366,3.7,106.0,19738,Specialty Retailers,Retailing,China,60354,9455,-1.1969103557126228,-0.11252131623002969
482,GS Caltex,22207,-11.4,1221.1,15969,Petroleum Refining,Energy,South Korea,2949,8150,-1.213491317527252,-0.29570070190141645
483,Ultrapar Holdings,22167,-2.3,447.5,7426,Energy,Energy,Brazil,15173,2621,-1.3456377860206024,-0.22893338289872384
484,Xiamen C&D,22145,6.6,280.2,21729,Trading,Wholesalers,China,18381,3985,-1.337933206567115,-0.2809031811844138
485,Sears Holdings,22138,-12.0,-2221.0,9362,General Merchandisers,Retailing,USA,140000,-3824,-1.3962488147348957,0.4773787477062921
486,China General Technology,22113,-20.1,413.6,20860,"Engineering, Construction",Engineering & Construction,China,38589,5114,-1.235856474429797,-0.056496356701649986
487,National Grid,22036,-3.2,10150.6,82310,Utilities,Energy,Britain,22132,25463,-0.10639128873440239,-0.8994511012539996
488,Dollar General,21987,7.9,1251.1,11672,Specialty Retailers,Retailing,USA,121000,5406,-1.0328435906362927,0.05449153691380515
489,Telecom Italia,21941,-17.4,1999.4,74295,Telecommunications,Telecommunications,Italy,61227,22366,-0.796228821929381,-0.20140710062142403
490,Xiamen ITG Holding Group,21930,34.3,35.6,12161,Trading,Wholesalers,China,18454,1066,-1.4426744549245658,-0.41158767781760125
491,Xinjiang Guanghui Industry Investment,21919,31.1,251.8,31957,Trading,Wholesalers,China,65616,4563,-1.2628553708105335,-0.2587321328508395
492,Teva Pharmaceutical Industries,21903,11.5,329.0,92890,Pharmaceuticals,Health Care,Israel,56960,33337,-0.8481417449536787,-0.3643154615318892
493,New China Life Insurance,21796,-13.3,743.9,100609,"Insurance: Life, Health (stock)",Financials,China,54378,8507,-1.0775234786319232,-0.15281970958319882
494,Wm. Morrison Supermarkets,21741,-11.3,406.4,11630,Food and Drug Stores,Food & Drug Stores,Britain,77210,5111,-1.1803543545704562,0.0455466507396669
495,TUI,21655,-5.5,1151.7,16247,Travel Services,Business Services,Germany,66779,3006,-1.163991746583775,-0.06595178816175454
496,AutoNation,21609,3.6,430.5,10060,Specialty Retailers,Retailing,USA,26000,2310,-1.3399265913311775,-0.22817235112845974
