,Symbol,Name,Sector,Price,Price/Earnings,Dividend Yield,Earnings/Share,52 Week Low,52 Week High,Market Cap,EBITDA,Price/Sales,Price/Book,Component 1,Component 2
0,MMM,3M Company,Industrials,222.89,24.31,2.33,7.92,259.77,175.49,138721000000.0,9048000000.0,4.39,11.34,1.5723804554496612,-0.4165220926683344
1,AOS,A.O. Smith Corp,Industrials,60.24,27.76,1.15,1.7,68.39,48.93,10783419933.0,601000000.0,3.58,6.35,-0.6538811322724379,0.33352187040137987
2,ABT,Abbott Laboratories,Health Care,56.27,22.51,1.91,0.26,64.6,42.28,102121000000.0,5744000000.0,3.74,3.19,-0.9157863813109423,0.2179227535778375
3,ABBV,AbbVie Inc.,Health Care,108.48,19.41,2.5,3.29,125.86,60.05,181386000000.0,10310000000.0,6.29,26.14,-0.18562231289511844,0.21643174417550015
4,ACN,Accenture plc,Information Technology,150.51,25.47,1.71,5.44,162.6,114.82,98765855553.0,5643228000.0,2.6,10.62,0.5022409402115336,-0.3248411082208904
5,ATVI,Activision Blizzard,Information Technology,65.83,31.8,0.43,1.28,74.95,38.93,52518668144.0,2704000000.0,10.6,5.16,-0.35630664258187034,1.7674004587181034
6,AYI,Acuity Brands Inc,Industrials,145.41,18.22,0.35,7.43,225.36,142.0,6242377704.0,587800000.0,1.8,3.55,1.0750056692507939,-0.4541396899929107
7,ADBE,Adobe Systems Inc,Information Technology,185.16,52.31,0.0,3.39,204.45,114.45,94550214268.0,2538040000.0,13.09,11.06,1.2540157680252242,2.366852849097846
8,AAP,Advance Auto Parts,Consumer Discretionary,109.63,19.54,0.22,6.19,169.55,78.81,8123611867.0,853941000.0,1.13,2.51,0.34668952185467133,-0.3701564906822094
9,AMD,Advanced Micro Devices Inc,Information Technology,11.22,187.0,0.0,0.03,15.65,9.7,11191663795.0,339000000.0,2.11,21.47,-0.7921120529108138,3.1451522167339467
10,AES,AES Corp,Utilities,10.06,9.96,4.96,1.72,12.05,10.0,6920851212.0,3001000000.0,0.66,2.2,-1.8060527997212674,-1.1963896430422805
11,AET,Aetna Inc,Health Care,178.0,18.11,1.1,5.75,194.4,119.51,59197016353.0,4139000000.0,0.99,3.79,0.7516884381077606,-0.6242680747184972
12,AMG,Affiliated Managers Group Inc,Financials,179.11,12.24,0.64,12.07,217.0,148.81,10442174371.0,1261400000.0,4.59,2.89,1.5966336873784128,-0.46036384270066416
13,AFL,AFLAC Inc,Financials,83.25,12.24,2.43,11.01,91.73,68.8,33422948000.0,0.0,1.54,1.53,0.033403594035004806,-1.1695045822994055
14,A,Agilent Technologies Inc,Health Care,65.05,27.45,0.88,2.1,75.0,49.23,21984606918.0,1094000000.0,6.49,4.56,-0.4531947485080847,0.8474571052434785
15,APD,Air Products & Chemicals Inc,Materials,152.8,24.22,2.78,13.66,175.17,133.63,34638387128.0,2542500000.0,4.12,3.35,1.175145457474083,-0.8628200530348374
16,AKAM,Akamai Technologies Inc,Information Technology,62.49,32.55,0.0,1.79,69.56,44.65,10906904066.0,789517000.0,5.85,3.25,-0.4344726086082045,1.0347974107644318
17,ALK,Alaska Air Group Inc,Industrials,64.04,9.66,1.99,8.28,101.43,59.25,7903173734.0,1665000000.0,0.98,2.21,-0.23223419576282026,-1.0272423898568805
18,ALB,Albemarle Corp,Materials,105.18,26.03,1.2,5.66,144.99,90.35,11782151266.0,686030000.0,5.37,2.98,0.31854919701343704,0.28190460000580914
19,ARE,Alexandria Real Estate Equities Inc,Real Estate,114.58,19.03,3.03,1.57,134.37,106.89,12043374429.0,0.0,10.49,2.07,0.04868396118351231,0.9041196876864672
20,ALXN,Alexion Pharmaceuticals,Health Care,108.47,22.18,0.0,1.77,149.34,96.18,26172439795.0,1072000000.0,9.72,2.82,0.3621533316263648,1.4501592125987186
21,ALGN,Align Technology,Health Care,220.71,56.59,0.0,2.84,287.32,92.61,18788041378.0,380326000.0,13.14,16.44,1.5360966884489795,2.4681298450425837
22,ALLE,Allegion,Industrials,77.32,21.07,0.8,2.37,89.81,66.72,7599609494.0,531800000.0,4.27,20.48,-0.3348704279494199,0.33335626584056965
23,AGN,"Allergan, Plc",Health Care,164.2,10.65,1.64,38.35,256.8,160.07,56668833898.0,2888100000.0,4.82,0.83,3.546388675705955,-2.3936316045093298
24,ADS,Alliance Data Systems,Information Technology,240.6,13.02,0.92,14.13,278.33,209.0,13632608582.0,2143200000.0,1.73,8.28,2.356746224190495,-1.1983060583794032
25,LNT,Alliant Energy Corp,Utilities,37.14,19.86,3.57,1.65,45.55,36.84,8670163500.0,1168400000.0,3.43,2.13,-1.1834411678489982,-0.3021571501953901
26,ALL,Allstate Corp,Financials,90.06,13.26,1.53,4.68,105.36,77.73,34759468905.0,0.0,1.21,1.67,-0.2227443578879458,-0.6158304524164459
27,GOOGL,Alphabet Inc Class A,Information Technology,1007.71,31.48,0.0,22.27,1198.0,824.3,733824000000.0,34217000000.0,6.8,4.7,12.318666870244495,-1.1941227570986486
28,GOOG,Alphabet Inc Class C,Information Technology,1001.52,40.29,0.0,22.27,1186.89,803.19,728536000000.0,32714000000.0,6.77,4.67,12.179154134173794,-1.0325021209011425
29,MO,Altria Group Inc,Consumer Staples,64.05,18.89,3.95,5.31,77.79,60.01,126985000000.0,10773000000.0,4.95,10.32,-0.5826924927601609,-0.41842330040630066
30,AMZN,Amazon.com Inc,Consumer Discretionary,1350.5,296.16,0.0,6.16,1498.0,812.5,685873000000.0,16132000000.0,3.93,24.28,14.072611983764734,3.6651557523712386
31,AEE,Ameren Corp,Utilities,52.59,20.38,3.44,2.68,64.89,51.81,12905744906.0,2298000000.0,2.69,1.79,-0.9198631316097787,-0.4770012189217073
32,AAL,American Airlines Group,Industrials,48.6,9.92,0.78,3.91,59.08,39.21,24594852352.0,5761000000.0,0.58,6.03,-0.7278556370056781,-0.5276414241892329
33,AEP,American Electric Power,Utilities,63.38,17.32,3.85,1.24,78.07,62.69,31701916517.0,4450800000.0,2.75,1.81,-0.9398642424493665,-0.5221554676829334
34,AXP,American Express Co,Financials,88.34,15.0,1.5,2.9,102.39,75.51,80410990000.0,0.0,2.27,3.75,-0.33575055562983214,-0.28388343310042635
35,AIG,"American International Group, Inc.",Financials,58.28,23.22,2.12,0.76,67.3,57.85,54360073164.0,0.0,1.47,0.75,-0.8862484790518481,-0.23944944775638244
36,AMT,American Tower Corp A,Real Estate,133.57,20.68,2.0,1.97,155.28,103.36,59213892640.0,3792383000.0,11.95,9.22,0.37596317264076223,1.3535023706606384
37,AWK,American Water Works Company Inc,Utilities,76.06,26.23,2.13,2.63,92.37,71.89,13906146184.0,1711000000.0,5.55,2.55,-0.38031669457102196,0.3527460389838732
38,AMP,Ameriprise Financial,Financials,152.5,12.41,2.07,9.44,183.9,118.84,23472126000.0,0.0,1.95,3.73,0.7928427080847076,-0.9933006510642624
39,ABC,AmerisourceBergen Corp,Health Care,91.55,15.54,1.61,1.64,106.27,71.9,20587704101.0,991884000.0,0.17,9.73,-0.502657190227782,-0.5729387743984249
40,AME,AMETEK Inc,Industrials,72.05,27.61,0.76,2.94,78.51,51.31,17139651923.0,1025763000.0,4.02,4.54,-0.4134153494391656,0.39964430839709025
41,AMGN,Amgen Inc,Health Care,173.12,13.76,2.98,2.57,201.23,152.16,128133000000.0,11945000000.0,5.58,3.91,0.6143065424100845,-0.12944044969995813
42,APH,Amphenol Corp,Information Technology,84.44,25.9,0.86,2.05,93.62,67.26,26955335395.0,1671700000.0,3.86,6.64,-0.3241267382328,0.3623318395359447
43,APC,Anadarko Petroleum Corp,Energy,56.2,21.29,1.7,5.9,70.0,39.96,32129091747.0,3115000000.0,3.97,2.88,-0.46727902872971,-0.0897703784651744
44,ADI,"Analog Devices, Inc.",Information Technology,82.68,17.67,2.11,2.11,98.38,74.65,31811578855.0,1663384000.0,8.0,3.13,-0.29771110925581856,0.6550785258614764
45,ANDV,Andeavor,Energy,96.9,18.78,2.35,6.13,121.71,75.11,15696449735.0,2548000000.0,0.66,1.7,-0.14345595484394008,-0.8851446081633465
46,ANSS,ANSYS,Information Technology,148.84,42.53,0.0,2.99,164.9,94.52,13155919129.0,458515000.0,16.81,5.79,0.953901793798844,2.8919236310951164
47,ANTM,Anthem Inc.,Health Care,230.57,19.23,1.26,14.36,267.95,156.81,61221978627.0,0.0,0.67,2.28,1.9882820958481005,-1.3120025634719026
48,AON,Aon plc,Financials,136.05,20.8,1.02,4.66,152.78,113.22,35123123422.0,1858000000.0,3.5,6.78,0.44330492923711007,-0.046634545456823974
49,APA,Apache Corporation,Energy,37.73,251.53,2.53,3.72,57.9,38.14,15066280977.0,3265000000.0,3.65,2.22,-0.18764252721288388,3.698764064842388
50,AIV,Apartment Investment & Management,Real Estate,38.21,15.6,3.88,1.95,46.86,38.85,6156884142.0,874871000.0,6.19,4.69,-1.0953459568332962,0.003275437211141177
51,AAPL,Apple Inc.,Information Technology,155.15,16.86,1.58,9.2,180.1,131.12,809508000000.0,79386000000.0,3.46,5.66,0.9527980552304746,-0.5565301808575095
52,AMAT,Applied Materials Inc,Information Technology,45.75,14.08,0.82,3.17,60.89,34.58,51296481503.0,4336000000.0,4.7,5.44,-0.6608765579997313,0.2810354561987958
53,APTV,Aptiv Plc,Consumer Discretionary,89.27,69.74,0.94,5.05,96.91,82.97,24906530300.0,2370000000.0,1.5,7.56,0.039026763572132764,0.472554485724444
54,ADM,Archer-Daniels-Midland Co,Consumer Staples,41.35,17.45,3.18,2.17,47.44,38.59,23594770663.0,2927000000.0,0.52,1.29,-1.177112642898499,-0.788083526368192
55,ARNC,Arconic Inc,Industrials,24.45,20.21,0.96,0.21,31.17,21.76,12123300000.0,1517000000.0,0.94,0.0,-1.2499970180936624,-0.05948334994526952
56,AJG,Arthur J. Gallagher & Co.,Financials,64.4,21.05,2.48,2.54,70.55,53.63,11968488290.0,888000000.0,1.94,2.92,-0.7721444432854049,-0.38951905665317377
57,AIZ,Assurant Inc,Financials,85.16,33.27,2.53,9.08,106.99,85.91,4653993594.0,0.0,0.98,1.12,0.06368826467230354,-0.8205259318034286
58,T,AT&T Inc,Telecommunication Services,35.57,12.14,5.42,4.76,42.7,32.55,226713000000.0,49653000000.0,1.41,1.8,-1.2919783579524007,-1.3572774478420917
59,ADSK,Autodesk Inc,Information Technology,104.81,77.07,0.0,2.61,131.1,81.75,24348294504.0,378100000.0,16.51,224.13,0.697504817407902,3.2919334222337255
60,ADP,Automatic Data Processing,Information Technology,108.25,29.34,2.22,3.85,125.24,95.5,50337702249.0,2767400000.0,4.05,12.86,0.007063892812182252,0.013005303056057335
61,AZO,AutoZone Inc,Consumer Discretionary,718.57,16.31,0.0,44.09,797.89,491.13,19922021415.0,2347304000.0,1.85,136.23,9.64587460695404,-3.433536360261252
62,AVB,"AvalonBay Communities, Inc.",Real Estate,154.94,17.97,3.71,6.36,199.52,156.01,21856547430.0,1331579000.0,10.25,2.12,0.9252636755722875,0.3311248932573623
63,AVY,Avery Dennison Corp,Materials,110.77,22.11,1.57,3.11,123.67,78.47,10104814319.0,831200000.0,1.52,8.83,-0.16068091466112916,-0.3357353640369929
64,BHGE,"Baker Hughes, a GE Company",Energy,27.5,305.56,2.5,0.31,57.73,28.03,32995712852.0,285000000.0,1.94,2.25,-0.4265524578844487,4.557061262791086
65,BLL,Ball Corp,Materials,38.44,20.56,1.02,0.85,43.24,35.6,13767688518.0,1317000000.0,1.57,3.62,-1.0249012601509697,-0.020784183730220507
66,BAC,Bank of America Corp,Financials,29.74,16.34,1.54,1.55,32.67,22.07,321478000000.0,0.0,3.2,1.24,-1.123574150145774,0.04489072336763662
67,BAX,Baxter International Inc.,Health Care,62.56,25.12,0.98,1.29,72.58,48.15,35713732553.0,1832000000.0,3.44,3.77,-0.6583973614312886,0.32918939099346267
68,BBT,BB&T Corporation,Financials,51.07,16.26,2.45,2.74,55.99,41.17,42087562920.0,0.0,3.46,1.55,-0.8767668279745247,-0.20422294869840252
69,BDX,Becton Dickinson,Health Care,211.44,22.28,1.35,4.65,248.39,175.66,50910180308.0,1537000000.0,5.69,3.98,1.399316516642202,0.19857645713098687
70,BRK.B,Berkshire Hathaway,Financials,191.42,30.43,0.0,9.76,217.62,160.93,261401000000.0,0.0,1.43,1.58,1.5518431215752473,-0.413582351448225
71,BBY,Best Buy Co. Inc.,Consumer Discretionary,68.79,19.22,1.91,3.81,78.59,41.67,20831186176.0,2555000000.0,0.77,4.79,-0.674311073196949,-0.578058306204316
72,BIIB,Biogen Inc.,Health Care,311.79,14.3,0.0,11.94,370.57,244.28,69157726427.0,6511400000.0,5.74,5.51,3.19574728505297,-0.22526269606511407
73,BLK,BlackRock,Financials,509.38,22.49,2.16,30.3,594.52,368.0,85907759858.0,5684000000.0,6.92,2.95,6.477879158980969,-1.7263929514902616
74,HRB,Block H&R,Financials,25.19,12.29,3.73,1.92,31.8,19.85,5381433872.0,894754000.0,2.02,205.41,-1.4014986931061395,-0.8685255905184122
75,BA,Boeing Company,Industrials,329.66,27.29,1.96,13.47,361.45,163.69,205617000000.0,12476000000.0,2.16,182.86,2.6693748108547273,-1.2117321220122546
76,BWA,BorgWarner,Consumer Discretionary,51.94,14.15,1.24,0.55,58.22,37.54,11596117445.0,867900000.0,1.58,2.89,-0.9783726947190372,-0.16000315962248815
77,BXP,Boston Properties,Real Estate,112.09,18.05,2.77,2.93,140.13,111.87,17799878487.0,1546846000.0,6.84,3.15,0.08380235134305848,0.23220130700635735
78,BSX,Boston Scientific,Health Care,25.2,20.0,0.0,0.07,29.93,23.29,36142506007.0,1726000000.0,4.06,4.78,-1.0387152694371713,0.6669597264394904
79,BHF,Brighthouse Financial Inc,Financials,55.44,22.63,0.0,24.62,75.0,52.75,7066613254.0,0.0,1.42,0.51,1.0908603133306072,-1.380972371844477
80,BMY,Bristol-Myers Squibb,Health Care,62.69,20.83,2.55,2.65,66.1,51.12,102507000000.0,5170000000.0,6.5,6.75,-0.6493386116207388,0.353598233611467
81,AVGO,Broadcom,Information Technology,229.57,15.94,2.95,4.01,285.68,202.61,92791974933.0,7016000000.0,6.96,4.4,1.5231536251981352,-0.016491276990699667
82,BF.B,Brown-Forman Corp.,Consumer Staples,63.33,37.04,1.12,1.7,69.9,45.42,5498033502.0,1139000000.0,1.84,12.36,-0.6827978867251798,0.1985883255097836
83,CHRW,C. H. Robinson Worldwide,Industrials,90.47,26.0,1.99,3.57,100.18,63.41,12932483889.0,868096000.0,0.85,9.31,-0.41625628208715487,-0.48079412499445906
84,CA,"CA, Inc.",Information Technology,32.66,14.32,3.0,1.85,36.56,30.45,14175422936.0,1613000000.0,3.37,2.44,-1.2009694051741626,-0.2924447172169021
85,COG,Cabot Oil & Gas,Energy,23.01,60.55,1.03,0.92,29.57,21.4,10808821635.0,404951000.0,8.64,4.21,-0.8371508134883024,1.8515375627853965
86,CDNS,Cadence Design Systems,Information Technology,36.82,34.09,0.0,0.74,46.0,29.01,10890625200.0,455607000.0,5.75,10.98,-0.7636289202814998,1.1287744235786068
87,CPB,Campbell Soup,Consumer Staples,44.83,14.84,3.13,2.89,64.23,43.5,13467193376.0,1683000000.0,2.39,7.91,-0.967678208588775,-0.5668841340692917
88,COF,Capital One Financial,Financials,91.8,11.85,1.63,3.45,106.5,76.05,47637260000.0,0.0,1.59,0.94,-0.31310138402375365,-0.5143242675747327
89,CAH,Cardinal Health Inc.,Health Care,66.63,12.29,2.84,4.04,84.88,54.66,20493281175.0,1913000000.0,0.21,3.03,-0.7257782230533253,-1.0059443431632984
90,KMX,Carmax Inc,Consumer Discretionary,64.34,19.44,0.0,3.97,77.64,54.29,11827453706.0,1339628000.0,0.69,3.55,-0.40821790036810246,-0.20739141251553608
91,CCL,Carnival Corp.,Consumer Discretionary,66.76,17.48,2.6,3.58,72.7,54.75,49180044050.0,4711000000.0,2.81,2.0,-0.668150140058553,-0.39713727831412937
92,CAT,Caterpillar Inc.,Industrials,145.99,21.22,2.02,1.26,173.24,90.34,91822049046.0,8136000000.0,2.05,5.75,0.02745593604514707,-0.2584651674133713
93,CBOE,CBOE Holdings,Financials,111.15,35.06,0.94,2.27,138.54,76.75,12998295607.0,488406000.0,8.25,5.15,0.15940454031238158,1.2033838991894839
94,CBG,CBRE Group,Real Estate,41.92,15.82,0.0,1.69,46.6,30.43,14440591731.0,1652961000.0,1.46,3.74,-0.8661731116169531,0.04028163519266913
95,CBS,CBS Corp.,Consumer Discretionary,51.8,12.05,1.35,2.81,70.1,52.75,20431395736.0,2841000000.0,2.11,6.91,-0.6989496692192747,-0.29381644208038366
96,CELG,Celgene Corp.,Health Care,91.02,13.27,0.0,3.58,147.17,92.85,74921079154.0,5233000000.0,5.83,7.49,0.24553346602122758,0.5293684567648672
97,CNC,Centene Corporation,Health Care,100.36,19.12,0.0,3.23,112.42,65.03,18012494506.0,2063000000.0,0.5,2.58,-0.1624877293586685,-0.21924772235749265
98,CNP,CenterPoint Energy,Utilities,25.85,19.73,4.21,1.0,30.45,25.51,11362043297.0,2337000000.0,1.63,3.21,-1.514632238713451,-0.6851634395018942
99,CTL,CenturyLink Inc,Telecommunication Services,16.2,8.35,12.66,1.16,27.61,13.16,18237196861.0,5577000000.0,1.48,1.39,-2.601221025967379,-2.65755378826178
100,CERN,Cerner,Health Care,61.22,27.09,0.0,1.84,73.86,51.26,21101697598.0,1523440000.0,5.56,4.62,-0.41466346998190523,0.8846202412278853
101,CF,CF Industries Holdings Inc,Materials,37.46,59.46,3.04,1.2,43.98,25.04,9209106695.0,711000000.0,3.0,2.81,-1.1185264826623476,0.437722568596106
102,SCHW,Charles Schwab Corporation,Financials,48.9,29.82,0.77,1.61,56.25,37.16,69750188843.0,0.0,7.95,4.51,-0.6036472097200919,1.2049593736354063
103,CHTR,Charter Communications,Consumer Discretionary,348.65,162.92,0.0,34.08,408.83,308.3,86708878113.0,14694000000.0,2.12,2.27,5.707795034210825,0.1437892359404377
104,CHK,Chesapeake Energy,Energy,2.82,4.7,0.0,6.44,6.59,2.8,2626102121.0,1470000000.0,0.41,1.84,-1.0051877352920786,-0.5960315665961889
105,CVX,Chevron Corp.,Energy,112.3,27.52,3.89,4.85,133.88,102.55,218979000000.0,28877000000.0,1.65,1.71,-0.11803991356583027,-0.8339661483732079
106,CMG,Chipotle Mexican Grill,Consumer Discretionary,266.01,45.86,0.0,0.8,499.0,263.0,7685283970.0,401293000.0,2.55,6.11,2.703495002338602,0.46939848886231117
107,CB,Chubb Limited,Financials,140.39,17.5,1.93,8.2,157.5,130.17,68424670566.0,0.0,2.1,1.35,0.6574178876005723,-0.7695577824585199
108,CHD,Church & Dwight,Consumer Staples,47.38,24.42,1.84,2.92,54.18,43.21,11838963451.0,868000000.0,3.17,6.28,-0.7908898932490325,-0.005110245238607118
109,CI,CIGNA Corp.,Health Care,189.27,18.11,0.02,7.2,227.13,141.93,47680910480.0,0.0,1.55,3.39,1.26129297149235,-0.4255124076016871
110,XEC,Cimarex Energy,Energy,100.19,26.37,0.3,4.64,136.31,89.49,10089082025.0,1061056000.0,7.56,4.28,0.36903285942297054,0.9136976173590002
111,CINF,Cincinnati Financial,Financials,70.34,27.48,2.92,3.55,81.98,68.24,11916533018.0,0.0,2.76,1.6,-0.5687434680788933,-0.31448480281154567
112,CTAS,Cintas Corporation,Industrials,149.32,32.75,1.03,4.38,169.96,113.79,16676145923.0,1097295000.0,2.76,6.53,0.5421222518390113,0.03834921276644051
113,CSCO,Cisco Systems,Information Technology,38.77,17.87,2.88,1.91,42.98,30.36,199426000000.0,15447000000.0,5.48,3.07,-1.055685342612627,0.1404997412389712
114,C,Citigroup Inc.,Financials,71.87,13.48,1.71,3.1,80.7,56.14,192709000000.0,0.0,2.19,0.9,-0.5827261392479631,-0.3549837176604266
115,CFG,Citizens Financial Group,Financials,42.19,16.04,1.96,3.27,48.23,31.51,22008050974.0,0.0,3.39,1.08,-0.8929822644201322,-0.14145156430869496
116,CTXS,Citrix Systems,Information Technology,84.53,20.37,0.0,0.24,95.0,73.33,13199167493.0,810268000.0,4.75,6.73,-0.3108561994547894,0.7127982743024637
117,CME,CME Group Inc.,Financials,153.04,32.15,3.68,11.94,163.0,114.82,54423298745.0,2851800000.0,14.88,2.51,1.2079938831862906,1.026127081955015
118,CMS,CMS Energy,Utilities,41.77,21.42,3.39,1.99,50.85,41.07,11873960824.0,2099000000.0,2.47,2.65,-1.1103513993304166,-0.42836432053566564
119,KO,Coca-Cola Company (The),Consumer Staples,43.1,22.8,3.32,1.49,48.62,40.22,189855000000.0,8589000000.0,6.82,8.65,-0.991603388173781,0.371214262633514
120,CTSH,Cognizant Technology Solutions,Information Technology,75.16,22.44,1.05,2.54,79.28,54.76,45119684067.0,2946000000.0,3.97,3.94,-0.46081790934520206,0.2674930313871267
121,CL,Colgate-Palmolive,Consumer Staples,68.95,24.02,2.28,2.28,77.91,66.26,61616643498.0,4064000000.0,4.0,236.42,-0.5565902877824608,-0.13896683258571169
122,CMCSA,Comcast Corp.,Consumer Discretionary,38.19,18.54,1.89,4.74,44.0,34.78,186477000000.0,28675000000.0,2.18,2.65,-0.8249225089042268,-0.3872034696317091
123,CMA,Comerica Inc.,Financials,89.18,18.89,1.28,4.13,98.18,64.04,16274969256.0,0.0,4.91,1.96,-0.18576896127331555,0.20166858283119474
124,CAG,Conagra Brands,Consumer Staples,35.49,18.2,2.37,1.46,41.68,32.16,14379717835.0,1281200000.0,1.83,3.86,-1.1636330503363612,-0.3343355524333196
125,CXO,Concho Resources,Energy,140.09,84.39,0.0,11.04,162.91,106.73,22021882339.0,2151190000.0,12.27,2.61,1.5286229326040115,2.296748744470059
126,COP,ConocoPhillips,Energy,53.24,72.93,2.05,0.65,61.32,42.27,65482462410.0,5328000000.0,2.08,2.16,-0.8371345383779643,0.7316135731252423
127,ED,Consolidated Edison,Utilities,74.73,18.64,3.8,4.1,89.7,72.63,23335777662.0,4288000000.0,2.96,1.58,-0.5821579285469852,-0.6542051528487955
128,STZ,Constellation Brands,Consumer Staples,208.73,30.92,0.97,8.71,229.5,152.01,41697453163.0,3033300000.0,5.15,5.14,1.5579082348850726,0.08532418672321691
129,GLW,Corning Inc.,Information Technology,28.45,16.45,2.08,0.78,35.1,26.31,25759280346.0,2970000000.0,2.54,1.71,-1.2394738502210838,-0.1299161423866748
130,COST,Costco Wholesale Corp.,Consumer Staples,178.61,30.69,1.09,6.09,199.88,150.0,80439804508.0,5679000000.0,0.61,7.24,0.9707894763427328,-0.523284983978026
131,COTY,"Coty, Inc",Consumer Staples,19.96,24.64,2.86,0.63,21.18,14.24,13101112504.0,211400000.0,2.01,1.37,-1.471172439246048,-0.2204847327459684
132,CCI,Crown Castle International Corp.,Real Estate,103.81,21.45,3.86,1.02,114.97,86.93,44183023189.0,2292600000.0,10.13,3.54,-0.2941971594355023,0.7670709870604507
133,CSRA,CSRA Inc.,Information Technology,30.85,15.12,1.28,1.83,33.79,27.38,5134501276.0,543000000.0,1.33,11.37,-1.106218359714368,-0.26774162311549926
134,CSX,CSX Corp.,Industrials,50.47,21.94,1.51,6.07,60.04,45.41,47340511707.0,5003000000.0,4.22,4.27,-0.4515746001862068,-0.009854394961238059
135,CMI,Cummins Inc.,Industrials,165.73,16.83,2.5,8.23,194.18,143.83,28669230787.0,2924000000.0,1.94,3.89,0.8751933406175092,-0.9541601184916134
136,CVS,CVS Health,Consumer Staples,70.55,12.36,2.69,4.91,84.0,66.45,75323141722.0,11704000000.0,0.55,2.13,-0.563574787023057,-0.9818052942658361
137,DHI,D. R. Horton,Consumer Discretionary,44.55,16.32,1.08,2.73,53.32,29.37,17390873686.0,1691000000.0,1.19,2.17,-0.8922270882785495,-0.2899738105607648
138,DHR,Danaher Corp.,Health Care,92.16,22.87,0.59,3.53,104.82,78.97,66351150000.0,4339800000.0,3.69,2.65,-0.07580017886290695,0.2325544516807669
139,DRI,Darden Restaurants,Consumer Discretionary,91.33,22.72,2.65,3.81,100.11,71.7,11745595320.0,997600000.0,1.53,5.89,-0.4161527536663299,-0.5776014405958387
140,DVA,DaVita Inc.,Health Care,71.91,20.55,0.0,4.3,80.71,52.51,13685178000.0,2252294000.0,1.15,2.79,-0.334293720239082,-0.13355050746661343
141,DE,Deere & Co.,Industrials,153.66,23.14,1.49,6.64,171.96,106.72,52186628646.0,4053300000.0,2.37,5.31,0.6038181990488363,-0.4283253285214851
142,DAL,Delta Air Lines Inc.,Industrials,51.23,10.37,2.27,4.94,60.79,43.81,38393603535.0,8348000000.0,0.92,2.67,-0.7694780110799082,-0.8420910058936554
143,XRAY,Dentsply Sirona,Health Care,56.85,22.65,0.6,1.99,68.98,52.54,13390513478.0,411100000.0,4.63,1.8,-0.5433593662053607,0.5221514242047259
144,DVN,Devon Energy Corp.,Energy,34.94,23.93,0.65,6.89,47.25,28.79,19317380000.0,3723000000.0,2.07,2.85,-0.5462889969504464,-0.1942085238346504
145,DLR,Digital Realty Trust Inc,Real Estate,98.96,16.55,3.57,2.19,127.23,101.1,21400952517.0,1260662000.0,12.43,2.32,-0.019643640184404267,1.0456880901664043
146,DFS,Discover Financial Services,Financials,72.4,12.13,1.83,5.41,81.93,57.5,27433540000.0,0.0,2.36,2.52,-0.4117670605027758,-0.5284036632362712
147,DISCA,Discovery Communications-A,Consumer Discretionary,22.87,11.0,0.0,1.96,30.25,15.99,8763756733.0,2100000000.0,1.8,1.5,-1.0474436205610589,0.019259260103484558
148,DISCK,Discovery Communications-C,Consumer Discretionary,21.58,10.37,0.0,1.96,29.18,14.99,8320262123.0,2100000000.0,1.71,1.43,-1.065790134756525,-0.005168563934430941
149,DISH,Dish Network,Consumer Discretionary,43.77,16.09,0.0,3.06,66.5,42.48,21032719056.0,2754331000.0,1.85,3.76,-0.6190528278846744,0.007391601300673744
150,DG,Dollar General,Consumer Discretionary,95.1,21.18,1.06,4.43,105.82,65.97,26580644874.0,2457604000.0,1.53,4.53,-0.19020280914954885,-0.3101366634229773
151,DLTR,Dollar Tree,Consumer Discretionary,101.58,26.66,0.0,3.77,116.65,65.63,25151198417.0,2430300000.0,1.61,4.08,-0.041020466267397554,0.05603858550644379
152,D,Dominion Energy,Utilities,73.31,20.42,4.53,4.91,85.3,71.59,47543571860.0,6428000000.0,3.8,2.96,-0.5961560640855483,-0.687049640860399
153,DOV,Dover Corp.,Industrials,96.2,23.87,1.88,5.15,109.06,75.51,15566645713.0,1513291000.0,1.99,3.59,-0.1448290933758703,-0.4123892041232335
154,DWDP,DowDuPont,Materials,68.21,49.43,2.15,1.59,77.08,64.01,165203000000.0,5250000000.0,2.69,1.54,-0.6100002380657902,0.3356424426935781
155,DPS,Dr Pepper Snapple Group,Consumer Staples,116.93,26.57,1.97,4.54,126.65,83.23,21209783858.0,1507000000.0,4.21,9.99,0.06145325825685234,0.008824796950790538
156,DTE,DTE Energy Co.,Utilities,98.49,19.12,3.56,4.82,116.74,96.56,17808073691.0,2790000000.0,1.91,1.95,-0.23810997273513004,-0.849341270773898
157,DUK,Duke Energy,Utilities,74.32,16.7,4.78,3.12,91.8,72.93,52078185682.0,9895000000.0,2.93,1.27,-0.764413980840209,-0.831717653589039
158,DRE,Duke Realty Corp,Real Estate,24.52,19.77,3.15,0.88,30.14,24.73,9035293365.0,529483000.0,16.08,1.94,-0.917985199935787,1.9817797849685979
159,DXC,DXC Technology,Information Technology,91.92,79.93,0.75,0.89,102.95,67.76,27408621020.0,1628000000.0,1.96,2.26,-0.24408977165113133,1.0471611068939408
160,ETFC,E*Trade,Financials,48.48,22.14,0.0,2.15,56.0,32.25,13754977266.0,0.0,5.69,2.15,-0.6035764792578172,0.825554020567974
161,EMN,Eastman Chemical,Materials,93.57,12.28,2.26,10.12,104.08,76.02,14226830813.0,2152000000.0,1.49,2.78,0.102102855582075,-1.0947200155088588
162,ETN,Eaton Corporation,Industrials,79.41,17.08,2.94,6.68,89.85,69.45,35961772000.0,4253000000.0,1.82,2.17,-0.33624914203500644,-0.8624501497986119
163,EBAY,eBay Inc.,Information Technology,41.02,24.86,0.0,1.07,46.99,31.89,44216696399.0,2941000000.0,4.67,3.8,-0.7704612550968547,0.7728343071772935
164,ECL,Ecolab Inc.,Materials,127.76,28.08,1.23,4.14,140.5,119.61,38460272282.0,2848600000.0,3.74,5.28,0.36863061848753975,0.10775416115995531
165,EIX,Edison Int'l,Utilities,58.07,13.23,4.05,3.96,83.38,58.76,19447670886.0,4284000000.0,2.16,1.59,-0.8167486018965744,-0.9073465666684484
166,EW,Edwards Lifesciences,Health Care,123.78,32.57,0.0,2.88,138.48,89.2,27447099863.0,1156700000.0,7.83,8.48,0.3982610422162555,1.2316568026668042
167,EA,Electronic Arts,Information Technology,116.54,34.48,0.0,3.07,131.01,81.27,37890226992.0,1560000000.0,7.44,8.54,0.3127831625012219,1.1944254555300267
168,EMR,Emerson Electric Company,Industrials,66.4,25.74,2.81,2.35,74.45,56.77,44040298425.0,2542000000.0,3.67,5.01,-0.7140796774941375,-0.08069695105531198
169,ETR,Entergy Corp.,Utilities,72.02,10.65,4.89,3.26,87.95,69.63,13116894887.0,880700000.0,1.55,1.54,-0.8691739816479747,-1.1944446656905732
170,EVHC,Envision Healthcare,Health Care,35.34,10.91,0.0,0.48,73.0,23.77,4212729247.0,827200000.0,1.23,0.64,-0.9470892715458696,0.0020817345440353684
171,EOG,EOG Resources,Energy,101.04,246.44,0.63,1.98,119.0,81.99,61164030149.0,3692749000.0,8.02,4.55,0.6968175236430397,4.798180358344956
172,EQT,EQT Corporation,Energy,46.25,53.16,0.25,2.69,67.84,47.13,12638828950.0,1518305000.0,6.5,2.15,-0.37125415841235637,1.3825867090366857
173,EFX,Equifax Inc.,Industrials,114.0,19.03,1.33,4.04,147.02,90.72,14121334618.0,1141200000.0,5.63,4.59,0.21650243636115485,0.28341210740697526
174,EQIX,Equinix,Real Estate,409.98,23.06,1.88,1.77,495.35,361.9,33333813618.0,1687152000.0,10.64,5.14,3.7998940105242833,0.8907545604815641
175,EQR,Equity Residential,Real Estate,55.26,17.6,3.54,1.63,70.46,56.07,20925508143.0,1710686000.0,8.59,2.09,-0.7640472154122957,0.513941268183172
176,ESS,"Essex Property Trust, Inc.",Real Estate,218.28,18.66,3.21,6.27,270.04,214.03,14383525286.0,1237886000.0,14.18,2.3,1.8749227947347242,1.043305097304488
177,EL,Estee Lauder Cos.,Consumer Staples,131.46,37.78,1.13,3.35,138.74,81.69,49543264457.0,2478000000.0,3.95,10.82,0.1813862355332529,0.400359773122962
178,RE,Everest Re Group Ltd.,Financials,241.06,27.24,2.11,23.71,277.17,208.81,10131892523.0,0.0,2.1,1.16,2.9756150509132824,-1.768227572066973
179,ES,Eversource Energy,Utilities,56.11,18.22,3.34,2.96,66.15,55.2,18027633617.0,2738713000.0,3.11,1.68,-0.8455450618479947,-0.4434823629684572
180,EXC,Exelon Corp.,Utilities,35.98,14.51,3.82,1.23,42.67,33.3,34734816899.0,8548000000.0,1.39,1.26,-1.3594000362640006,-0.7561172833885097
181,EXPE,Expedia Inc.,Consumer Discretionary,123.03,30.99,0.93,1.81,161.0,115.55,19722178609.0,1481458000.0,2.51,4.14,0.2279443698792467,0.16551257399306124
182,EXPD,Expeditors International,Industrials,60.36,25.26,1.35,2.36,67.54,51.96,11040678071.0,721643000.0,2.19,5.55,-0.6706220956329846,-0.029055219427148265
183,ESRX,Express Scripts,Health Care,73.35,10.72,0.0,5.39,83.49,55.8,42449656350.0,7309300000.0,0.58,2.65,-0.2713618881180533,-0.4693239740510085
184,EXR,Extra Space Storage,Real Estate,77.56,18.12,3.88,2.92,88.56,71.34,10133547517.0,717468000.0,12.2,4.54,-0.36100778441345116,0.9534452742566327
185,XOM,Exxon Mobil Corp.,Energy,76.07,21.37,4.0,1.88,89.3,76.05,326149000000.0,39052000000.0,1.77,1.85,-0.7800980391996069,-0.7076878341569077
186,FFIV,F5 Networks,Information Technology,137.25,21.21,0.0,6.51,149.5,114.63,8744185796.0,629940000.0,4.12,6.86,0.7171794789840071,0.1548576664791595
187,FB,"Facebook, Inc.",Information Technology,171.58,27.9,0.0,5.39,195.32,132.44,523423000000.0,23624000000.0,13.24,7.08,1.3397498847702414,1.8470327364697168
188,FAST,Fastenal Co,Industrials,52.15,27.02,2.78,2.01,57.82,39.79,15311373377.0,1009600000.0,3.47,7.39,-0.931874398176166,-0.04725287846832265
189,FRT,Federal Realty Investment Trust,Real Estate,108.11,18.35,3.59,3.5,143.79,109.74,8077368506.0,540767000.0,12.9,3.98,0.22857665662322904,1.0516539617289073
190,FDX,FedEx Corporation,Industrials,239.27,19.45,0.8,11.07,274.66,182.89,67280478816.0,8062000000.0,1.08,3.9,1.9966987473985471,-0.9507395855433419
191,FIS,Fidelity National Information Services,Information Technology,92.74,22.08,1.32,1.72,103.65,77.63,32308459680.0,2782000000.0,4.7,3.25,-0.26676047159159477,0.35704658398967226
192,FITB,Fifth Third Bancorp,Financials,31.1,16.9,1.98,2.85,33.91,23.2,22437653700.0,0.0,2.88,1.46,-1.0722111350045143,-0.17822609582767188
193,FE,FirstEnergy Corp,Utilities,30.64,11.18,4.67,14.49,35.22,27.93,13706075072.0,5067000000.0,1.3,2.19,-0.566166461834307,-1.8692513151314587
194,FISV,Fiserv Inc,Information Technology,133.05,27.32,0.0,4.14,144.2,106.2,26918949723.0,1911000000.0,6.52,11.54,0.5687801768017512,0.8218700954852017
195,FLIR,FLIR Systems,Information Technology,46.46,25.53,1.24,1.21,52.88,33.75,6706992926.0,375267000.0,5.14,3.52,-0.832277053561374,0.5923121656512377
196,FLS,Flowserve Corporation,Industrials,40.82,26.17,1.83,1.12,51.92,37.51,5427884956.0,463066000.0,2.08,3.15,-1.015297102247345,-0.0304002408484898
197,FLR,Fluor Corp.,Industrials,55.31,19.9,1.47,1.99,62.09,37.04,7978485059.0,709756000.0,0.55,2.4,-0.8939079620265518,-0.38050907004481505
198,FMC,FMC Corporation,Materials,80.87,32.48,0.79,1.56,98.7,56.53,11273961835.0,557800000.0,6.01,5.26,-0.30868990239988786,0.8905013140332183
199,FL,Foot Locker Inc,Consumer Discretionary,45.88,9.5,2.58,4.91,77.86,28.42,5819080328.0,957000000.0,1.04,0.0,-0.8439959243083681,-0.8880900126052105
200,F,Ford Motor,Consumer Discretionary,10.43,5.89,6.78,1.9,13.48,10.19,42414328338.0,9281000000.0,0.27,1.26,-2.0162565967285673,-1.7208351696275388
201,FTV,Fortive Corp,Industrials,69.14,25.05,0.39,2.46,76.68,54.88,24916503061.0,1508300000.0,5.17,7.17,-0.37446076874544765,0.6554870273104503
202,FBHS,Fortune Brands Home & Security,Industrials,62.44,20.27,1.26,3.04,73.62,55.25,9624169008.0,814500000.0,1.84,3.76,-0.5928137207104605,-0.20034706622246076
203,BEN,Franklin Resources,Financials,38.0,12.67,2.33,3.0,47.65,37.01,21759187973.0,2711300000.0,3.4,1.83,-0.9551353115597329,-0.25894267374953905
204,FCX,Freeport-McMoRan Inc.,Materials,17.16,14.67,1.12,1.24,20.25,11.05,25853969330.0,5347000000.0,1.65,3.66,-1.300451812439541,-0.12506493676011182
205,GPS,Gap Inc.,Consumer Discretionary,31.17,15.35,2.82,1.69,35.68,21.02,12684517721.0,1959000000.0,1.13,3.93,-1.320783050537231,-0.5987543249877042
206,GRMN,Garmin Ltd.,Consumer Discretionary,61.13,21.23,3.23,2.69,64.96,48.5,11840331607.0,736798000.0,5.32,3.14,-0.7854985746460733,0.022709606289014018
207,IT,Gartner Inc,Information Technology,114.26,36.86,0.0,2.31,142.16,97.96,10828314389.0,234935000.0,4.89,13.47,0.2867877959119882,0.8367775066897832
208,GD,General Dynamics,Industrials,206.05,20.71,1.56,9.55,229.54,181.94,64180390701.0,4618000000.0,2.05,5.45,1.5528675286317175,-0.807348995001312
209,GE,General Electric,Industrials,14.45,13.76,3.15,0.72,30.59,14.71,132249000000.0,206000000.0,1.09,1.7,-1.547759969859324,-0.6255684999560426
210,GGP,General Growth Properties Inc.,Real Estate,21.62,13.86,4.01,1.34,25.72,18.83,21018887283.0,1740540000.0,17.0,2.57,-1.0213669602729805,1.8337713845926351
211,GIS,General Mills,Consumer Staples,53.99,17.53,3.59,2.77,63.73,49.65,31098243069.0,3107600000.0,2.04,7.26,-0.9690352010632558,-0.6746350286903684
212,GM,General Motors,Consumer Discretionary,40.75,6.58,3.59,6.0,46.76,31.92,61536606173.0,23541000000.0,0.56,1.33,-1.0093255623425075,-1.2956786206259223
213,GPC,Genuine Parts,Consumer Discretionary,96.31,21.17,2.72,4.6,107.75,79.86,14554321748.0,1201517000.0,1.21,4.33,-0.29717820387567734,-0.7313471861783255
214,GILD,Gilead Sciences,Health Care,78.22,8.16,2.75,9.95,89.54,63.76,108107000000.0,17590000000.0,5.21,4.12,-0.017317772103328456,-0.6131659384037113
215,GPN,Global Payments Inc.,Information Technology,100.59,27.86,0.04,1.58,113.26,76.47,16920023264.0,960345000.0,5.78,4.73,-0.021951286859489823,0.907344354080877
216,GS,Goldman Sachs Group,Financials,246.35,12.44,1.17,8.61,273.79,209.62,96978500251.0,0.0,2.31,1.25,1.950732159588145,-0.7947989665744619
217,GT,Goodyear Tire & Rubber,Consumer Discretionary,30.75,9.92,1.67,4.74,37.2,28.81,8244568238.0,2044000000.0,0.73,1.65,-0.9554320069773211,-0.7221120625211706
218,GWW,Grainger (W.W.) Inc.,Industrials,258.6,22.57,1.97,10.02,298.15,155.0,14639308205.0,1279846000.0,1.4,8.1,1.825323773108616,-1.0124430557133197
219,HAL,Halliburton Co.,Energy,47.41,38.86,1.45,0.53,57.86,38.18,43356557470.0,2910000000.0,2.14,4.74,-0.9282834938568056,0.3058095757920838
220,HBI,Hanesbrands Inc,Consumer Discretionary,19.57,10.04,2.73,1.41,25.73,18.9,8006268615.0,926153000.0,1.63,6.17,-1.417443472397646,-0.5618150537491144
221,HOG,Harley-Davidson,Consumer Discretionary,47.54,13.7,3.02,2.98,63.4,44.52,8158949890.0,1058817000.0,1.66,4.31,-0.964798708006584,-0.6903236397427308
222,HRS,Harris Corporation,Information Technology,149.84,26.38,1.49,4.43,160.67,104.16,18140726600.0,1368000000.0,2.95,5.88,0.40596532391490103,-0.1263704080186617
223,HIG,Hartford Financial Svc.Gp.,Financials,53.34,14.34,1.79,2.27,59.2,46.35,19926305632.0,0.0,1.39,1.15,-0.8687156135934012,-0.42168214245321395
224,HAS,Hasbro Inc.,Consumer Discretionary,96.48,20.57,2.23,4.34,116.2,87.92,12732072001.0,1028425000.0,3.24,5.82,-0.1246882061705257,-0.2889039439142496
225,HCA,HCA Holdings,Health Care,95.97,14.07,1.42,5.94,106.84,71.18,34449052800.0,8202000000.0,0.73,0.0,-0.13635473886250318,-0.7387840042484266
226,HCP,HCP Inc.,Real Estate,22.64,10.99,6.33,1.33,33.67,22.8,10967755538.0,1412684000.0,8.13,1.97,-1.5467065987488091,-0.19603317454390576
227,HP,Helmerich & Payne,Energy,64.87,54.51,4.15,1.2,75.02,42.16,7345243806.0,483673000.0,3.74,1.62,-0.9397970528240364,0.22387088467799326
228,HSIC,Henry Schein,Health Care,70.85,19.85,0.0,3.1,93.5,65.28,11452961984.0,1033985000.0,1.26,3.74,-0.3196105949055883,-0.06015912783088275
229,HES,Hess Corporation,Energy,43.0,9.33,2.27,19.94,55.48,37.25,14016129999.0,819000000.0,3.78,1.08,0.34510072365254635,-1.3536974884129138
230,HPE,Hewlett Packard Enterprise,Information Technology,15.04,11.57,1.93,0.21,24.88,12.82,24800859640.0,3683000000.0,1.46,1.06,-1.467308108776933,-0.3095794061131813
231,HLT,Hilton Worldwide Holdings Inc,Consumer Discretionary,78.66,36.42,0.73,1.05,88.11,55.79,26242415796.0,2815000000.0,3.76,17.67,-0.45118124149831634,0.6163226261267101
232,HOLX,Hologic,Health Care,38.8,19.21,0.0,2.64,46.8,35.76,11181493750.0,1561000000.0,4.8,4.0,-0.6573814690121513,0.5944977396846411
233,HD,Home Depot,Consumer Discretionary,181.22,28.1,1.86,6.46,207.61,136.82,223379000000.0,16513000000.0,2.9,84.08,0.9634357881641206,-0.421939914873787
234,HON,Honeywell Int'l Inc.,Industrials,146.02,20.68,1.97,2.08,165.13,119.31,114422000000.0,8333000000.0,2.83,5.71,0.23272189940226182,-0.1983477361716149
235,HRL,Hormel Foods Corp.,Consumer Staples,32.21,20.39,2.29,1.57,38.0,29.75,17338613096.0,1422305000.0,2.52,3.49,-1.1532819819537454,-0.1682524864263835
236,HST,Host Hotels & Resorts,Real Estate,18.75,11.23,4.11,1.02,21.53,17.26,14394715334.0,1547000000.0,3.55,2.02,-1.5581197755105374,-0.4741639275912722
237,HPQ,HP Inc.,Information Technology,19.92,12.07,2.63,1.49,24.1,15.39,34895294088.0,3700000000.0,0.9,0.66,-1.4413730893067007,-0.6279364240960472
238,HUM,Humana Inc.,Health Care,262.37,22.39,0.6,4.06,293.35,189.01,36973617235.0,0.0,0.93,3.33,1.6893970703293393,-0.43810467563053385
239,HBAN,Huntington Bancshares,Financials,15.1,15.41,2.81,1.0,16.53,12.14,16766497291.0,0.0,3.51,1.72,-1.4580426917260503,-0.13301845276557253
240,HII,Huntington Ingalls Industries,Industrials,225.37,18.75,1.23,12.15,253.44,183.42,10628247899.0,1107000000.0,1.89,6.04,1.931533336916972,-0.9806613043549
241,IDXX,IDEXX Laboratories,Health Care,169.28,53.57,0.0,2.94,198.73,140.63,15422885020.0,478307000.0,7.98,196.21,1.119519055742753,1.3892836743368515
242,INFO,IHS Markit Ltd.,Industrials,43.73,26.19,0.0,1.0,49.19,37.82,17969275816.0,1018900000.0,5.06,2.24,-0.7118501961735478,0.8614376787463244
243,ITW,Illinois Tool Works,Industrials,156.15,23.62,1.91,4.86,179.07,126.52,55994378108.0,3924000000.0,3.93,10.99,0.6112956452400335,-0.14866379383268244
244,ILMN,Illumina Inc,Health Care,209.54,52.25,0.0,4.92,248.97,158.02,32295200000.0,1192000000.0,11.71,10.89,1.774047864027778,1.9865915999017778
245,INCY,Incyte,Health Care,83.92,119.89,0.0,0.54,153.15,84.21,18220961259.0,81686000.0,17.03,10.25,0.6654777108787767,4.410270353645678
246,IR,Ingersoll-Rand PLC,Industrials,87.6,19.38,1.97,5.07,97.67,77.26,22785450609.0,1987100000.0,1.61,3.34,-0.24962266578823467,-0.5617685781268035
247,INTC,Intel Corp.,Information Technology,42.75,12.32,2.65,1.98,50.85,33.23,211536000000.0,26247000000.0,3.35,3.34,-1.0580431655613647,-0.27327414738725914
248,ICE,Intercontinental Exchange,Financials,67.0,22.95,5.43,2.37,76.14,56.8,41373051167.0,3103000000.0,9.62,2.62,-0.8041956701835618,0.3302121010623702
249,IBM,International Business Machines,Information Technology,147.59,10.67,3.9,6.11,182.79,139.13,142433000000.0,16557000000.0,1.82,7.7,0.40922270398524213,-1.2228052575869905
250,IP,International Paper,Materials,56.05,15.57,3.21,5.14,66.94,49.6,24465996443.0,3004000000.0,1.07,4.99,-0.7729917993186876,-0.9468834974638755
251,IPG,Interpublic Group,Consumer Discretionary,21.34,15.46,3.38,1.49,25.71,18.3,8277363031.0,1074900000.0,1.47,4.01,-1.4711566765091053,-0.6366279847209368
252,IFF,Intl Flavors & Fragrances,Materials,138.0,24.17,1.93,5.05,157.4,116.3,11270040447.0,699963000.0,4.42,6.34,0.44851805479896306,-0.05332614811453731
253,INTU,Intuit Inc.,Information Technology,152.75,40.52,0.97,3.72,170.59,111.9,41233771565.0,1654000000.0,9.63,33.5,0.7681405925548018,1.3605800579523195
254,ISRG,Intuitive Surgical Inc.,Health Care,381.87,48.58,0.0,5.67,452.0,233.11,44866621303.0,1153700000.0,14.66,9.48,3.6292851086891447,2.2355176343290077
255,IVZ,Invesco Ltd.,Financials,31.92,11.87,3.47,2.74,38.43,29.36,13620847614.0,1606200000.0,2.65,1.62,-1.2224592876817058,-0.6099673854985795
256,IQV,IQVIA Holdings Inc.,Health Care,95.23,21.74,0.0,0.76,110.67,75.94,20426488713.0,1542000000.0,2.85,2.77,-0.22803417188682812,0.37684844716094373
257,IRM,Iron Mountain Incorporated,Real Estate,32.07,15.42,7.08,0.46,41.53,32.05,9410249279.0,1116140000.0,3.29,4.97,-1.740349269922673,-1.0495637660257278
258,JBHT,J. B. Hunt Transport Services,Industrials,114.81,30.62,0.81,6.19,126.49,83.35,12945366350.0,1007309000.0,1.77,8.55,0.23307111526087368,-0.19977178245608404
259,JEC,Jacobs Engineering Group,Industrials,62.82,19.45,0.91,2.43,72.18,49.31,9326484316.0,409832000.0,1.21,2.01,-0.6546202284031285,-0.201503791410308
260,SJM,JM Smucker,Consumer Staples,118.37,15.35,2.6,5.1,143.68,99.57,13612394896.0,1411300000.0,2.5,1.88,0.08152160294054524,-0.644363793752453
261,JNJ,Johnson & Johnson,Health Care,126.36,17.31,2.56,0.39,148.32,113.15,353062000000.0,22430000000.0,4.63,4.74,-0.06805927731823692,0.05032616084050106
262,JCI,Johnson Controls International,Industrials,36.55,14.0,2.77,1.71,44.37,34.51,34822224800.0,4295000000.0,1.14,1.69,-1.2019442679435113,-0.6214920553772297
263,JPM,JPMorgan Chase & Co.,Financials,107.88,15.43,1.98,6.3,117.35,81.64,386614000000.0,0.0,3.37,1.6,0.05371495420630677,-0.42509379609935755
264,JNPR,Juniper Networks,Information Technology,24.66,14.09,1.58,0.78,30.96,23.87,9267350000.0,1115500000.0,1.85,1.78,-1.2539196005504758,-0.17825916520278143
265,KSU,Kansas City Southern,Industrials,103.53,19.8,1.34,9.16,114.85,81.54,11037040988.0,1295400000.0,4.28,2.39,0.35416975263702566,-0.25201265843693405
266,K,Kellogg Co.,Consumer Staples,65.98,16.5,3.36,1.95,76.69,58.76,22182794875.0,1827000000.0,2.32,11.5,-0.8621247971668221,-0.5586519267407248
267,KEY,KeyCorp,Financials,20.08,14.66,1.99,1.12,22.22,16.28,22589744920.0,0.0,3.27,1.55,-1.3087435636838418,-0.028477403651096734
268,KMB,Kimberly-Clark,Consumer Staples,111.69,17.93,3.56,6.41,136.21,109.67,39449596000.0,4033000000.0,2.19,151.66,0.0833504332242016,-1.0673443578596915
269,KIM,Kimco Realty,Real Estate,14.01,9.28,7.71,0.8,25.15,14.33,6180487499.0,701190000.0,7.05,1.2,-1.8864457574047773,-0.6486327162924096
270,KMI,Kinder Morgan,Energy,16.8,25.07,2.89,0.01,22.75,16.56,38612712234.0,5981000000.0,2.82,1.07,-1.4867078136547205,-0.04317972312749553
271,KLAC,KLA-Tencor Corp.,Information Technology,98.54,16.59,2.3,5.88,121.65,86.33,16078622033.0,1506642000.0,4.34,12.93,0.026019970907765744,-0.2924155208410286
272,KSS,Kohl's Corp.,Consumer Discretionary,60.34,16.01,3.5,3.12,69.14,35.16,10570861198.0,2286000000.0,0.86,2.04,-1.0067685894462024,-0.8914098147057197
273,KHC,Kraft Heinz Co,Consumer Staples,71.58,20.11,3.4,2.81,97.77,72.05,89618309338.0,7832000000.0,4.68,1.54,-0.5564815030500647,-0.1720467553573212
274,KR,Kroger Co.,Consumer Staples,27.57,13.07,1.73,2.05,34.75,19.69,25471355847.0,5342000000.0,0.28,4.02,-1.2306358213981847,-0.575079279235024
275,LB,L Brands Inc.,Consumer Discretionary,47.77,12.77,4.89,3.98,63.1,35.0,13862042842.0,2329000000.0,1.71,1403.38,-0.9755659599428607,-2.3057005115554556
276,LLL,L-3 Communications Holdings,Industrials,198.79,23.14,1.44,8.51,218.71,159.43,16229343134.0,1137000000.0,1.49,3.12,1.3036266192287647,-0.7457032468407327
277,LH,Laboratory Corp. of America Holding,Health Care,165.46,17.79,0.0,7.02,181.72,130.29,17271388000.0,1861200000.0,2.25,2.71,0.9729474535103713,-0.2726759838307697
278,LRCX,Lam Research,Information Technology,162.23,16.29,1.17,9.22,219.7,113.2,27967534829.0,2967218000.0,3.04,4.52,1.0566311992075885,-0.5492006955091454
279,LEG,Leggett & Platt,Consumer Discretionary,43.99,17.88,3.15,2.76,54.97,42.0,6034600480.0,447000000.0,2.03,4.89,-1.0249293321660775,-0.5664821178081506
280,LEN,Lennar Corp.,Consumer Discretionary,59.11,15.35,0.26,3.38,72.17,43.65,14615967194.0,1405319000.0,1.15,1.76,-0.5674377497012716,-0.20235857670775145
281,LUK,Leucadia National Corp.,Financials,23.86,15.39,1.6,0.33,28.3,22.23,8910389431.0,2201336000.0,1.04,0.84,-1.333341569099752,-0.2648891326576055
282,LLY,Lilly (Eli) & Co.,Health Care,74.21,17.34,2.93,0.2,89.09,75.71,84475986228.0,3459800000.0,3.75,5.73,-0.7354714526530747,-0.11092265252866364
283,LNC,Lincoln National,Financials,73.86,9.49,1.68,9.24,86.68,61.45,17123031000.0,0.0,1.2,1.04,-0.12054899643568512,-0.9915376634111259
284,LKQ,LKQ Corporation,Consumer Discretionary,38.86,21.35,0.0,1.5,43.86,27.85,12469931896.0,1065614000.0,1.72,3.02,-0.8888607336693942,0.19313780763111835
285,LMT,Lockheed Martin Corp.,Industrials,334.3,24.28,2.32,6.83,361.79,256.4,98102120000.0,7115000000.0,1.88,45.55,2.576899388723592,-0.9013269563798224
286,L,Loews Corp.,Financials,46.05,15.99,4.51,1.93,53.59,45.01,16111166935.0,0.0,1.58,0.85,-1.242658396174348,-0.9016330403523118
287,LOW,Lowe's Cos.,Consumer Discretionary,95.01,23.87,1.64,3.46,108.98,70.76,82909678852.0,7858000000.0,1.57,14.1,-0.2829360085260992,-0.3272368674811948
288,LYB,LyondellBasell,Materials,105.79,10.35,3.26,12.25,121.95,78.01,43556650000.0,6851000000.0,1.3,5.86,0.25054022326343955,-1.5179540933802091
289,MTB,M&T Bank Corp.,Financials,178.35,18.91,1.62,8.69,193.85,141.12,27840827434.0,0.0,4.63,1.79,1.1406846392707217,-0.3122992120807324
290,MAC,Macerich,Real Estate,58.36,14.81,4.92,3.43,69.73,52.12,8473119166.0,503183000.0,11.39,2.24,-0.7092519598322545,0.5356531059421098
291,M,Macy's Inc.,Consumer Discretionary,24.0,7.67,6.1,1.98,33.73,17.41,7541063495.0,2446000000.0,0.46,1.69,-1.766718188449004,-1.535737853159718
292,MRO,Marathon Oil Corp.,Energy,15.68,32.0,1.22,2.65,19.52,10.55,13875005314.0,2266000000.0,4.66,0.0,-1.065922454986427,0.5635491796921535
293,MPC,Marathon Petroleum,Energy,62.79,16.06,2.83,6.85,73.53,47.39,31633740000.0,5978000000.0,0.43,2.43,-0.5882019735845474,-1.079145244427774
294,MAR,Marriott Int'l.,Consumer Discretionary,133.88,32.73,0.95,2.67,149.21,85.37,50910130358.0,2620000000.0,3.0,11.02,0.16688007996434706,0.23207581880980507
295,MMC,Marsh & McLennan,Financials,79.31,20.23,1.83,2.87,86.54,69.33,41819440000.0,3236000000.0,2.98,5.85,-0.4533936619948062,-0.1349748085969978
296,MLM,Martin Marietta Materials,Materials,208.42,30.38,0.8,6.63,244.32,191.09,13756812736.0,975223000.0,4.42,3.03,1.6363500742738781,0.09626655618086696
297,MAS,Masco Corp.,Industrials,40.7,22.12,0.98,1.47,46.45,31.29,13428792315.0,1179000000.0,2.31,11.93,-0.9454985470087743,0.09265773418289282
298,MA,Mastercard Inc.,Information Technology,160.62,34.99,0.59,3.65,177.11,105.8,187102000000.0,7113000000.0,15.02,26.93,0.9964851307249163,2.266496005141819
299,MAT,Mattel Inc.,Consumer Discretionary,16.0,14.68,0.0,3.06,26.3,12.71,5843402350.0,203599000.0,1.19,3.87,-1.0324121278400824,-0.09117611103925147
300,MKC,McCormick & Co.,Consumer Staples,101.36,23.91,2.03,3.73,109.67,90.25,13459353253.0,815700000.0,2.78,5.2,-0.1447545788591493,-0.22970622176371644
301,MCD,McDonald's Corp.,Consumer Discretionary,158.97,23.83,2.44,6.36,178.7,124.36,132102000000.0,10515400000.0,5.77,146.07,0.7413193613929943,-0.15494394432818043
302,MCK,McKesson Corp.,Health Care,150.23,11.68,0.89,22.74,178.86,133.82,31534840262.0,7232000000.0,0.15,2.68,1.8856736997691033,-1.9451852770018738
303,MDT,Medtronic plc,Health Care,78.38,17.04,2.26,2.89,89.72,75.44,110107000000.0,9204000000.0,4.94,2.14,-0.4060184620901111,0.04937855848332564
304,MRK,Merck & Co.,Health Care,54.73,13.75,3.44,1.4,66.8,53.63,152242000000.0,8715000000.0,5.09,4.02,-0.9268161445059832,-0.10367756392392599
305,MET,MetLife Inc.,Financials,44.28,8.52,3.46,0.63,56.58,44.58,48679364276.0,0.0,1.05,0.85,-1.2583475080964084,-0.8122113283290255
306,MTD,Mettler Toledo,Health Care,601.0,35.56,0.0,14.24,697.26,459.34,16420774443.0,666706000.0,8.37,31.69,6.7759169749111585,0.10901623366630421
307,MGM,MGM Resorts International,Consumer Discretionary,33.5,29.65,1.27,1.92,38.41,25.15,19633674337.0,2680385000.0,2.23,3.09,-1.0118659527852363,0.13074720948093455
308,KORS,Michael Kors Holdings,Consumer Discretionary,60.03,14.29,0.0,3.31,69.95,32.38,10053919023.0,456600000.0,3.15,5.4,-0.5360237773113298,0.1809092707459592
309,MCHP,Microchip Technology,Information Technology,79.9,21.77,1.75,0.66,99.17,69.76,19393095636.0,997492000.0,7.45,5.9,-0.40216040254360924,0.8030567839577356
310,MU,Micron Technology,Information Technology,40.0,9.01,0.0,4.36,49.89,22.64,48576791974.0,12541000000.0,2.19,2.02,-0.6993918552221804,-0.11957603302118049
311,MSFT,Microsoft Corp.,Information Technology,85.01,25.76,1.87,2.97,96.07,63.22,689978000000.0,41079000000.0,7.11,9.49,-0.26833800379822714,0.6369872204527144
312,MAA,Mid-America Apartments,Real Estate,85.39,14.38,4.2,2.86,110.95,86.95,9992628990.0,871483000.0,6.63,1.6,-0.4226884934904215,-0.12612100789511688
313,MHK,Mohawk Industries,Consumer Discretionary,256.57,19.08,0.0,12.48,286.85,209.9,19897356456.0,1750393000.0,2.8,2.88,2.487450593208615,-0.6183049564093057
314,TAP,Molson Coors Brewing Company,Consumer Staples,74.51,17.66,2.15,9.27,102.14,75.79,12396862128.0,4708400000.0,1.24,1.34,-0.02227927807801693,-0.9613158701675456
315,MDLZ,Mondelez International,Consumer Staples,42.68,19.85,2.0,1.91,47.23,39.19,65827817742.0,4355000000.0,2.57,2.52,-0.978301443550072,-0.14128972276839905
316,MON,Monsanto Co.,Materials,119.08,21.53,1.79,5.09,123.15,106.97,53076824328.0,4217000000.0,3.59,7.96,0.19836835563825575,-0.19388021273353656
317,MNST,Monster Beverage,Consumer Staples,61.99,42.17,0.0,1.19,70.22,41.02,36403831015.0,1229478000.0,14.15,9.56,-0.18252282935982614,2.6320262511655264
318,MCO,Moody's Corp,Financials,152.14,26.55,1.11,1.35,167.23,106.48,30189978000.0,1238000000.0,9.93,73.84,0.513341481580284,1.2745526236285647
319,MS,Morgan Stanley,Financials,51.79,14.23,1.83,3.09,58.05,40.06,97535400000.0,0.0,2.23,1.33,-0.8249876713628853,-0.33918839162894593
320,MSI,Motorola Solutions Inc.,Information Technology,98.74,19.03,2.03,1.08,107.78,77.23,16626039679.0,1629000000.0,2.61,6.81,-0.43890864769667465,-0.1572042646456738
321,MYL,Mylan N.V.,Health Care,39.25,8.35,0.0,0.93,47.82,29.39,21698849265.0,3113300000.0,2.54,1.63,-0.9180338147850513,0.14982529869660874
322,NDAQ,"Nasdaq, Inc.",Financials,75.21,17.78,1.97,4.32,83.29,65.98,12844304115.0,1212000000.0,3.26,2.25,-0.40367551746160457,-0.24621562221456067
323,NOV,National Oilwell Varco Inc.,Energy,32.64,77.71,0.59,6.4,41.9,29.9,12940096785.0,353000000.0,2.52,0.91,-0.42631429180208447,0.8311734758311633
324,NAVI,Navient,Financials,13.38,7.56,4.56,1.01,16.97,11.48,3692691330.0,0.0,0.7,1.02,-1.7822867789962327,-1.1019362730673605
325,NTAP,NetApp,Information Technology,55.85,26.1,1.39,1.81,64.06,37.43,15375210915.0,1075000000.0,3.67,5.46,-0.7621671661212303,0.27455268351077106
326,NFLX,Netflix Inc.,Information Technology,250.1,200.08,0.0,1.25,286.81,138.26,114805000000.0,809028000.0,9.86,30.8,2.0572714898897644,4.375665259816986
327,NWL,Newell Brands,Consumer Discretionary,27.91,9.72,3.12,1.17,55.08,23.85,14438346000.0,2021400000.0,1.28,1.01,-1.3382236782849788,-0.6990166804511444
328,NFX,Newfield Exploration Co,Energy,26.38,13.12,0.0,6.5,43.74,24.41,5695123080.0,896000000.0,4.7,4.51,-0.5084750200616779,0.23326820107795773
329,NEM,Newmont Mining Corporation,Materials,36.61,26.34,0.81,1.18,42.04,31.42,19749449484.0,1509000000.0,3.71,1.81,-0.918528801882022,0.46412884645799884
330,NWSA,News Corp. Class A,Consumer Discretionary,15.65,43.47,1.25,1.28,17.29,12.0,9356906461.0,679000000.0,1.55,0.85,-1.2438740975702405,0.31425694334972115
331,NWS,News Corp. Class B,Consumer Discretionary,15.85,44.03,1.23,1.28,17.7,12.35,9496735699.0,679000000.0,1.57,0.86,-1.2354648903016412,0.3307953710909609
332,NEE,NextEra Energy,Utilities,145.29,21.65,2.65,11.39,159.64,124.18,69661177770.0,9018000000.0,4.09,2.75,0.8876938058848277,-0.7225048988426856
333,NLSN,Nielsen Holdings,Industrials,33.9,18.73,3.62,1.39,45.73,34.22,13377670080.0,1836000000.0,2.73,3.02,-1.2600183343293212,-0.43054266512422074
334,NKE,Nike,Consumer Discretionary,62.49,24.9,1.22,2.51,68.83,50.35,106776000000.0,5162000000.0,3.05,8.91,-0.61136974197764,0.12462961070523128
335,NI,NiSource Inc.,Utilities,22.51,19.57,3.38,1.02,27.76,21.93,7776566371.0,1448600000.0,2.24,1.82,-1.4385741372327125,-0.408478349015921
336,NBL,Noble Energy Inc,Energy,25.43,105.96,1.48,2.32,39.6,22.99,13177325251.0,518000000.0,4.7,1.44,-0.7389397716640805,1.7621430702670533
337,JWN,Nordstrom,Consumer Discretionary,47.23,15.04,3.0,2.02,53.0,37.79,8212509855.0,1448000000.0,0.75,9.1,-1.128536730360819,-0.7509650880436416
338,NSC,Norfolk Southern Corp.,Industrials,136.89,20.65,2.02,18.73,157.15,109.27,40543547441.0,4737000000.0,3.85,3.09,1.3730658550622277,-1.1178617069542396
339,NTRS,Northern Trust Corp.,Financials,96.2,19.96,1.67,4.92,108.91,83.17,22908130223.0,0.0,4.03,2.44,-0.04261316451392675,-0.07975074234986533
340,NOC,Northrop Grumman Corp.,Industrials,324.01,24.4,1.3,11.47,349.18,231.98,58782413951.0,3884000000.0,2.21,7.96,2.8386609001627905,-0.8824888704038615
341,NCLH,Norwegian Cruise Line,Consumer Discretionary,56.01,15.35,0.0,2.78,61.48,46.96,13191507318.0,1529401000.0,3.21,2.35,-0.5429417147606652,0.23857818910551135
342,NRG,NRG Energy,Utilities,24.0,17.78,1.42,2.23,29.78,14.52,8030036023.0,1774000000.0,0.99,6.73,-1.199738675693078,-0.3203206746887912
343,NUE,Nucor Corp.,Materials,60.38,17.01,2.42,4.1,70.48,51.67,20003317128.0,2648729000.0,1.0,2.34,-0.7201641239311991,-0.7028494039260708
344,NVDA,Nvidia Corporation,Information Technology,217.52,82.08,0.26,2.57,249.27,95.17,138653000000.0,3098000000.0,20.09,20.39,1.6725744790767973,4.034550111327943
345,ORLY,O'Reilly Automotive,Consumer Discretionary,252.22,21.91,0.0,10.73,279.23,169.43,21433781860.0,1965187000.0,3.19,34.12,2.144906108329259,-0.3846399269108418
346,OXY,Occidental Petroleum,Energy,68.47,195.63,4.41,0.75,78.09,57.2,53467692395.0,5205000000.0,6.04,0.0,-0.41839199206776295,2.943903528968412
347,OMC,Omnicom Group,Consumer Discretionary,75.91,15.27,3.18,4.79,86.71,65.32,17377551986.0,2366000000.0,1.53,6.66,-0.5608175760068482,-0.8667645426373939
348,OKE,ONEOK,Energy,54.4,34.0,5.44,1.66,61.36,47.14,21988472489.0,1851783000.0,2.62,4.03,-1.2107005644648823,-0.6078549737560294
349,ORCL,Oracle Corp.,Information Technology,46.84,18.81,1.56,2.2,53.14,40.01,202302000000.0,16545000000.0,5.26,3.56,-0.7781334748649207,0.3635195890237772
350,PCAR,PACCAR Inc.,Industrials,66.98,15.72,1.46,4.75,79.69,61.93,24152102921.0,3619200000.0,1.29,3.07,-0.4515765873441546,-0.5299301120204007
351,PKG,Packaging Corporation of America,Materials,111.95,18.57,2.15,7.07,131.13,88.47,11051273948.0,1214900000.0,1.74,5.54,0.1397386737466958,-0.7451320349026356
352,PH,Parker-Hannifin,Industrials,174.51,21.6,1.44,7.24,212.8,145.38,24421668509.0,2092089000.0,1.87,4.39,1.0371957683232933,-0.6078264786634726
353,PDCO,Patterson Companies,Health Care,32.88,14.05,3.07,1.79,48.3,32.07,3209792400.0,359644000.0,0.79,2.34,-1.254622769690739,-0.7460565364319623
354,PAYX,Paychex Inc.,Information Technology,61.86,27.49,3.09,2.26,73.1,54.2,23253666810.0,1414900000.0,7.25,11.77,-0.6580764415851067,0.4973865544971938
355,PYPL,PayPal,Information Technology,72.32,49.53,0.0,1.47,86.32,39.92,90708000000.0,2932000000.0,6.94,5.81,-0.3003000067100996,1.5197362563585977
356,PNR,Pentair Ltd.,Industrials,66.67,18.89,2.04,3.63,74.84,57.63,12466660892.0,863700000.0,2.52,2.48,-0.5862893041561749,-0.3119418807391122
357,PBCT,People's United Financial,Financials,18.56,18.02,3.59,0.97,20.14,15.97,6527616000.0,0.0,3.93,1.17,-1.482256137958795,-0.18270167506802817
358,PEP,PepsiCo Inc.,Consumer Staples,110.15,21.51,2.84,4.36,122.51,104.77,161413000000.0,12843000000.0,3.67,0.0,-0.019293188527613185,-0.34080788472817036
359,PKI,PerkinElmer,Health Care,72.06,24.68,0.37,2.64,84.49,52.63,8351767268.0,445658000.0,3.71,3.25,-0.384249264650438,0.39800750825198045
360,PRGO,Perrigo,Health Care,84.44,20.0,0.73,28.01,95.93,63.68,12326379902.0,0.0,3.39,2.03,1.5527318515745716,-1.4883181105243313
361,PFE,Pfizer Inc.,Health Care,33.63,12.69,3.89,3.51,39.43,31.67,208506000000.0,20569000000.0,4.0,3.4,-1.1431884919297872,-0.5104097828608719
362,PCG,PG&E Corp.,Utilities,38.24,8.75,0.0,2.78,71.57,38.45,20309412381.0,6471000000.0,1.57,1.09,-0.6947923982102637,-0.13915832668737527
363,PM,Philip Morris International,Consumer Staples,100.39,22.36,4.33,4.48,123.55,96.66,153581000000.0,11802000000.0,2.76,1318.7,-0.1168184220045257,-1.8833655959318414
364,PSX,Phillips 66,Energy,92.44,21.11,2.93,9.93,107.47,75.14,47996220000.0,5311000000.0,0.47,2.12,0.005672784128882582,-1.2447348402283585
365,PNW,Pinnacle West Capital,Utilities,74.34,16.06,3.7,3.95,92.48,73.81,8397609889.0,1614399000.0,2.99,1.65,-0.5747647353283761,-0.6631413233901489
366,PXD,Pioneer Natural Resources,Energy,169.16,118.29,0.18,3.39,199.83,125.46,29983119693.0,1717000000.0,6.79,2.76,1.1834993758244328,2.378518128937319
367,PNC,PNC Financial Services,Financials,149.38,17.55,1.94,10.4,160.07,115.25,73315000000.0,0.0,4.05,1.53,0.8554355771912332,-0.5789796547613794
368,RL,Polo Ralph Lauren Corp.,Consumer Discretionary,101.32,17.74,1.86,1.19,119.33,66.06,8753430477.0,506100000.0,1.39,2.44,-0.4636865646911771,-0.3478329019789844
369,PPG,PPG Industries,Materials,110.3,18.73,1.58,6.31,122.07,99.57,29043337549.0,2585000000.0,1.96,4.83,0.17362816073794424,-0.5417775266635843
370,PPL,PPL Corp.,Utilities,29.52,12.83,5.22,2.79,40.2,29.21,20839814845.0,3937000000.0,3.75,1.95,-1.3797029379206225,-0.7759351051806603
371,PX,Praxair Inc.,Materials,144.07,24.63,2.2,4.32,166.95,115.53,42948664203.0,3632000000.0,3.89,6.88,0.3992731868454093,-0.14660106662065758
372,PCLN,Priceline.com Inc,Consumer Discretionary,1806.06,24.26,0.0,42.66,2067.99,1589.0,91817448863.0,4803487000.0,9.18,6.92,23.593103770410046,-3.1787945997149625
373,PFG,Principal Financial Group,Financials,60.38,11.96,3.19,4.5,75.59,58.94,18457199721.0,0.0,1.72,1.53,-0.7151171868059886,-0.8583204534406976
374,PG,Procter & Gamble,Consumer Staples,80.22,20.46,3.37,5.6,94.67,80.1,206319000000.0,17249000000.0,3.16,3.85,-0.33692670864119856,-0.608577037638776
375,PGR,Progressive Corp.,Financials,51.07,20.76,2.11,2.73,58.25,36.84,31062780000.0,0.0,1.15,3.25,-0.918770683588433,-0.44547740715301903
376,PLD,Prologis,Real Estate,58.33,20.76,2.93,3.06,67.53,48.69,31953288000.0,2969194000.0,14.38,2.11,-0.41634975079893594,1.5810347359958088
377,PRU,Prudential Financial,Financials,103.38,9.99,2.7,9.73,127.14,97.88,47136080000.0,0.0,1.08,0.93,0.22441626488994448,-1.28944585446015
378,PEG,Public Serv. Enterprise Inc.,Utilities,46.73,16.11,3.61,1.75,53.28,41.67,24138050331.0,3613000000.0,3.45,1.88,-1.104394234368844,-0.38383033009369694
379,PSA,Public Storage,Real Estate,180.49,18.21,4.32,6.81,232.21,180.93,32258539942.0,1924803000.0,16.16,6.56,1.4229001625768796,1.1402644272111926
380,PHM,Pulte Homes Inc.,Consumer Discretionary,28.67,12.86,1.2,1.44,35.21,21.06,8792572352.0,992811000.0,1.03,1.99,-1.1782901979306017,-0.3014443159718284
381,PVH,PVH Corp.,Consumer Discretionary,142.68,20.98,0.1,6.77,157.96,84.53,11478625926.0,1057500000.0,1.76,2.14,0.5452500314749249,-0.262558645865735
382,QRVO,Qorvo,Information Technology,76.85,19.71,0.0,0.13,85.24,62.68,9877885146.0,806875000.0,3.39,1.98,-0.482277184608989,0.4951516087590031
383,QCOM,QUALCOMM Inc.,Information Technology,62.42,16.51,3.51,1.65,69.28,48.92,96282828902.0,4191000000.0,4.26,3.82,-0.9218874122948149,-0.22720780076900293
384,PWR,Quanta Services Inc.,Industrials,33.51,17.54,0.0,1.28,40.11,30.23,5330131216.0,649404000.0,0.78,1.43,-0.9700525818683821,-0.013034043644893398
385,DGX,Quest Diagnostics,Health Care,96.42,17.07,1.99,5.5,112.97,90.1,13578300000.0,1453000000.0,1.77,2.82,-0.07379321598553652,-0.6200345759462565
386,RRC,Range Resources Corp.,Energy,12.82,35.61,0.61,2.79,34.09,12.7,3255587970.0,820095000.0,1.96,0.59,-1.020863956845527,0.28245594950862773
387,RJF,Raymond James Financial Inc.,Financials,86.06,16.94,1.1,4.12,99.1,71.35,13216271700.0,0.0,1.97,2.34,-0.24601512816025137,-0.2934084768511253
388,RTN,Raytheon Co.,Industrials,198.74,25.78,1.56,6.95,213.45,147.86,59066255840.0,3868000000.0,2.29,5.28,1.136752336303,-0.48153505359167803
389,O,Realty Income Corporation,Real Estate,47.56,15.54,5.37,1.12,63.6,48.89,13784942453.0,1075568000.0,15.59,1.92,-0.8612946109418573,1.3204834772463045
390,RHT,Red Hat Inc.,Information Technology,124.65,79.9,0.0,1.68,135.77,78.48,22799923883.0,541809000.0,8.2,15.69,0.4025067250048437,2.1689476185342693
391,REG,Regency Centers Corporation,Real Estate,55.58,15.27,3.69,1.43,72.05,56.66,9858367494.0,487636000.0,13.76,1.51,-0.615598355098638,1.327885556800896
392,REGN,Regeneron,Health Care,322.62,27.93,0.0,7.74,543.55,319.5,35950369241.0,2043160000.0,8.49,5.89,4.007788441349355,0.6505711258236749
393,RF,Regions Financial Corp.,Financials,17.9,17.9,1.9,1.0,19.9,13.0,21500640000.0,0.0,3.47,1.32,-1.3233644222457566,0.08976062708522499
394,RSG,Republic Services Inc,Industrials,62.72,26.13,2.14,1.77,69.4,57.53,21590903863.0,2734000000.0,2.88,2.83,-0.7347140819603604,-0.02651039718077434
395,RMD,ResMed,Health Care,89.26,31.54,1.51,2.41,104.78,67.04,13233622689.0,636942000.0,6.16,6.61,-0.22097302263391386,0.6823592358505405
396,RHI,Robert Half International,Industrials,52.26,20.18,1.71,2.32,60.59,42.92,7047165475.0,565196000.0,1.33,5.98,-0.8568552436642537,-0.3220313638350131
397,ROK,Rockwell Automation Inc.,Industrials,178.73,26.48,1.77,6.35,210.72,147.67,24123216432.0,1323200000.0,3.76,10.94,1.0349103190224365,-0.2252717624319912
398,COL,Rockwell Collins,Industrials,133.31,22.29,0.97,4.8,139.63,89.9,22197870556.0,1696000000.0,3.78,3.46,0.30452327159486364,0.04948770301639071
399,ROP,Roper Technologies,Industrials,259.4,27.57,0.62,9.38,290.42,191.22,27247789759.0,1555209000.0,5.97,4.23,2.255226065832737,0.14375785682077205
400,ROST,Ross Stores,Consumer Discretionary,75.06,26.52,0.82,2.83,85.66,52.85,29803566306.0,2247009000.0,2.97,10.28,-0.42370560181038247,0.19100983416864217
401,RCL,Royal Caribbean Cruises Ltd,Consumer Discretionary,122.45,16.26,1.87,7.53,135.65,93.4,27418147452.0,2876309000.0,3.1,2.56,0.3243859244856399,-0.5311775549736147
402,SPGI,"S&P Global, Inc.",Financials,173.31,27.38,1.09,7.95,185.38,124.64,46585950000.0,3021000000.0,10.25,50.56,1.2414602672382546,0.9103518913886104
403,CRM,Salesforce.com,Information Technology,104.03,520.15,0.0,0.27,114.52,79.63,79489115000.0,925804000.0,10.37,8.81,1.4990963004548366,10.028507863596342
404,SBAC,SBA Communications,Real Estate,159.85,199.81,0.0,0.62,177.67,103.51,19572031314.0,1074240000.0,15.19,91.04,1.3181813164324994,5.330970331554543
405,SCG,SCANA Corp,Utilities,35.6,8.75,6.68,4.16,71.28,35.31,5229448882.0,1459000000.0,1.65,0.92,-1.3707297091996933,-1.6037354830358015
406,SLB,Schlumberger Ltd.,Energy,67.4,44.93,2.87,1.08,82.71,61.02,96529311126.0,3222000000.0,3.23,2.64,-0.7218669352898086,0.23503618005609347
407,SNI,Scripps Networks Interactive Inc.,Consumer Discretionary,86.46,16.04,1.38,5.18,88.87,64.87,11328642413.0,1351059000.0,4.37,4.22,-0.18401910491879328,-0.026813822502360703
408,STX,Seagate Technology,Information Technology,47.44,11.51,5.09,2.58,56.45,30.6,14113197720.0,1811000000.0,1.3,13.33,-1.3366792590333694,-1.1884974096018543
409,SEE,Sealed Air,Materials,42.62,21.31,1.44,2.46,50.62,41.22,8001938397.0,969700000.0,2.47,10.55,-0.8519814488977369,-0.06199866768760533
410,SRE,Sempra Energy,Utilities,103.36,19.14,3.16,5.45,122.98,100.63,26163862235.0,3763000000.0,3.15,1.98,-0.04463602195663229,-0.6035399035664564
411,SHW,Sherwin-Williams,Materials,387.65,26.75,0.84,18.61,435.15,302.01,37730994828.0,2160668000.0,2.53,13.42,4.307444366688134,-1.2504331809623745
412,SIG,Signet Jewelers,Consumer Discretionary,49.38,6.65,2.47,7.03,77.94,46.09,3034275549.0,852700000.0,0.76,1.38,-0.5937217998855234,-1.1140504779046765
413,SPG,Simon Property Group Inc,Real Estate,152.18,13.56,5.04,6.25,187.35,150.15,48139839531.0,4411515000.0,8.75,13.24,0.624446217627162,-0.2671801563459098
414,SWKS,Skyworks Solutions,Information Technology,99.04,16.45,1.26,5.41,117.65,90.53,18493080922.0,1122900000.0,6.97,4.25,0.2066368561838438,0.4008391159408797
415,SLG,SL Green Realty,Real Estate,90.61,14.07,3.5,0.88,115.34,91.2,8617714345.0,795889000.0,6.58,1.32,-0.43618635945222906,0.1310275501179008
416,SNA,Snap-On Inc.,Consumer Discretionary,156.72,15.81,1.97,9.2,185.47,140.83,9499107736.0,982200000.0,3.51,3.21,0.9785229265555112,-0.6532668790601955
417,SO,Southern Co.,Utilities,43.4,15.78,5.35,2.53,53.51,42.63,43497224128.0,6012000000.0,2.51,1.82,-1.2840317395838485,-0.9610957698521624
418,LUV,Southwest Airlines,Industrials,55.63,15.89,0.86,5.82,66.99,49.76,34351211637.0,4533000000.0,1.63,3.84,-0.4386707738661403,-0.40168291320971433
419,SWK,Stanley Black & Decker,Consumer Discretionary,152.86,20.57,1.58,8.05,176.62,121.09,24496399600.0,2264600000.0,1.94,3.34,0.7572798267156347,-0.6646160997751299
420,SBUX,Starbucks Corp.,Consumer Discretionary,53.77,25.98,2.2,1.97,64.87,52.58,76548976000.0,7361500000.0,3.44,13.36,-0.7805172554506715,0.03770681176583961
421,STT,State Street Corp.,Financials,98.54,15.35,1.62,5.23,114.27,75.27,38059113300.0,0.0,3.26,1.95,-0.06558094348549519,-0.29253885791566
422,SRCL,Stericycle Inc,Industrials,70.55,16.26,0.0,2.08,88.0,61.25,6218560288.0,305085000.0,2.26,2.15,-0.4099178008274329,0.12057043598778305
423,SYK,Stryker Corp.,Health Care,148.01,23.46,1.22,2.68,170.0,122.01,57509096756.0,2863000000.0,4.64,5.54,0.4686082802313315,0.2668137429567765
424,STI,SunTrust Banks,Financials,65.8,16.25,2.32,4.48,72.06,51.96,32498948310.0,0.0,3.31,1.38,-0.5764137816802207,-0.3314649890242607
425,SYMC,Symantec Corp.,Information Technology,25.59,39.37,1.13,0.17,34.2,25.65,16520497264.0,1227000000.0,3.55,3.36,-1.0932950901447707,0.6627201388943763
426,SYF,Synchrony Financial,Financials,34.98,13.35,1.6,2.41,40.59,26.01,28893750000.0,0.0,2.11,1.97,-1.047263239940616,-0.2643547660118072
427,SNPS,Synopsys Inc.,Information Technology,82.62,67.72,0.0,0.87,94.8,64.75,12767067883.0,579844000.0,6.28,3.98,-0.12555750753026357,1.7326568939974716
428,SYY,Sysco Corp.,Consumer Staples,57.0,22.98,2.46,2.08,64.27,48.85,30445320778.0,2988725000.0,0.73,13.4,-0.9111528975314407,-0.5288544329887318
429,TROW,T. Rowe Price Group,Financials,101.99,19.92,2.14,4.75,120.07,66.7,25810865035.0,2281400000.0,7.39,4.61,-0.013281782315594483,0.4053981879103602
430,TPR,"Tapestry, Inc.",Consumer Discretionary,48.85,15.0,0.0,2.09,50.71,36.69,14247199374.0,0.0,4.08,4.35,-0.6781889300612286,0.4343432370135947
431,TGT,Target Corp.,Consumer Discretionary,71.11,14.19,3.39,4.71,78.7,48.56,39816696539.0,7105000000.0,0.8,3.45,-0.7459434283056012,-1.0289756839303617
432,TEL,TE Connectivity Ltd.,Information Technology,95.27,19.72,1.61,4.71,108.23,71.93,34983666316.0,2797000000.0,2.57,3.6,-0.16256666584527085,-0.296208424681522
433,FTI,TechnipFMC,Energy,29.1,18.77,1.71,0.0,35.0,24.53,14163064455.0,540167833.4,1.56,1.06,-1.2885110595228377,-0.12626410824512108
434,TXN,Texas Instruments,Information Technology,97.66,24.05,2.43,3.6,120.75,74.52,100263000000.0,7013000000.0,6.96,9.32,-0.1089766138144347,0.40888343552574413
435,TXT,Textron Inc.,Industrials,55.54,22.13,0.14,1.14,62.19,45.0,15254672353.0,1454000000.0,1.06,2.57,-0.7422941920612237,0.069696797175614
436,BK,The Bank of New York Mellon Corp.,Financials,53.29,14.76,1.73,3.73,58.99,44.91,56083904906.0,0.0,3.38,1.49,-0.6931370164910795,-0.16182033560080708
437,CLX,The Clorox Company,Consumer Staples,127.76,23.44,2.63,5.33,150.4,124.09,16540418002.0,1295000000.0,2.8,21.62,0.3093658034406827,-0.5169242781527589
438,COO,The Cooper Companies,Health Care,223.17,22.96,0.03,7.52,256.39,187.02,11297958140.0,615700000.0,6.85,3.57,1.928000928936622,0.4794280479758413
439,HSY,The Hershey Company,Consumer Staples,97.65,20.51,2.65,3.66,116.49,98.85,20867272020.0,1404123000.0,2.84,25.64,-0.17464956723966424,-0.4246323216930402
440,MOS,The Mosaic Company,Materials,24.13,23.66,0.4,0.85,34.36,19.23,9726962131.0,1165100000.0,1.82,0.94,-1.1024737431737714,0.22169632596491046
441,TRV,The Travelers Companies Inc.,Financials,135.01,16.48,2.03,7.31,150.55,113.76,38903131815.0,0.0,1.33,1.63,0.427484719297384,-0.8646130186639333
442,DIS,The Walt Disney Company,Consumer Discretionary,101.35,17.78,1.6,5.7,116.1,96.2,157817000000.0,12544000000.0,3.96,3.82,0.12143680770353918,-0.177968611470912
443,TMO,Thermo Fisher Scientific,Health Care,198.73,21.84,0.33,5.6,226.44,151.69,83226586345.0,4751300000.0,4.02,3.38,1.2861938775184678,0.08485533971365707
444,TIF,Tiffany & Co.,Consumer Discretionary,99.62,27.0,1.94,3.55,111.44,77.93,12810515320.0,949500000.0,4.52,3.97,-0.14018583612596136,0.15582620114076143
445,TWX,Time Warner Inc.,Consumer Discretionary,93.02,15.35,1.69,6.62,103.9,85.88,74185800000.0,7671000000.0,2.37,2.73,-0.0061300998134419795,-0.553078962949663
446,TJX,TJX Companies Inc.,Consumer Discretionary,74.36,21.01,1.64,3.46,81.46,66.44,48181450881.0,4600216000.0,1.93,10.35,-0.4720432689205411,-0.297471710650646
447,TMK,Torchmark Corp.,Financials,80.52,17.02,0.72,4.5,93.6,73.53,9614412169.0,0.0,3.11,1.88,-0.16509729936635653,-0.04440049613648883
448,TSS,Total System Services,Information Technology,81.17,25.85,0.61,3.16,89.92,50.96,15694951118.0,1097534000.0,3.18,6.57,-0.3423759146529265,0.23920082395558565
449,TSCO,Tractor Supply Company,Consumer Discretionary,65.94,19.57,1.6,3.3,82.68,49.87,8459271203.0,859519000.0,1.16,6.01,-0.6195946086192442,-0.4153769931186655
450,TDG,TransDigm Group,Industrials,283.0,23.76,0.0,7.92,321.38,203.72,15241203731.0,1635916000.0,4.27,0.0,2.4036057507223605,0.0005347558274245686
451,TRIP,TripAdvisor,Consumer Discretionary,40.05,58.04,0.0,0.81,53.29,29.5,5700998508.0,234000000.0,4.59,3.49,-0.6908440687998745,1.3340232904483036
452,FOXA,Twenty-First Century Fox Class A,Consumer Discretionary,34.56,17.81,1.0,1.59,39.14,24.81,44027094922.0,5280000000.0,2.11,4.11,-1.0389472062018459,-0.011277042008382376
453,FOX,Twenty-First Century Fox Class B,Consumer Discretionary,34.09,17.57,1.01,1.59,38.56,24.3,66135313503.0,5280000000.0,3.17,4.04,-1.010637883089864,0.16194962728121182
454,TSN,Tyson Foods,Consumer Staples,73.92,13.92,1.64,4.79,84.65,57.2,26957526800.0,2521000000.0,0.94,2.55,-0.4659122164867038,-0.6582087574455706
455,USB,U.S. Bancorp,Financials,52.65,15.35,2.19,3.52,58.5,49.54,90940115897.0,0.0,3.78,2.09,-0.7264729539323284,-0.16997296472658346
456,UDR,UDR Inc,Real Estate,32.92,17.79,3.67,1.08,40.71,33.31,9050154422.0,665141000.0,12.37,3.27,-0.9852629304301886,1.1903172348526085
457,ULTA,Ulta Salon Cosmetics & Fragrance Inc,Consumer Discretionary,209.09,32.07,0.0,6.52,314.86,187.96,13300000127.0,1002093000.0,3.38,8.04,1.9114026276297211,0.10631994220100437
458,UAA,Under Armour Class A,Consumer Discretionary,13.14,32.05,0.0,0.45,23.46,11.4,5856913571.0,399277000.0,1.6,2.72,-1.1868292369826594,0.44402233548400594
459,UA,Under Armour Class C,Consumer Discretionary,11.95,29.15,0.0,0.45,21.81,10.36,5366628950.0,399277000.0,1.47,2.5,-1.2148705087794884,0.3750131806211764
460,UNP,Union Pacific,Industrials,124.86,22.06,2.06,13.52,143.05,101.06,101513000000.0,10169000000.0,4.86,0.0,0.8908721150938504,-0.5756923325421023
461,UAL,United Continental Holdings,Industrials,63.37,8.85,0.0,7.05,83.04,56.51,19363059152.0,5929000000.0,0.5,2.09,-0.19428442930866305,-0.620676388229832
462,UNH,United Health Group Inc.,Health Care,216.46,21.47,1.33,10.71,250.79,156.49,218835000000.0,17454000000.0,1.09,4.71,1.620262593580944,-0.9731010829860173
463,UPS,United Parcel Service,Industrials,109.28,18.27,2.97,5.62,135.53,102.12,96436356833.0,7919000000.0,1.47,64.7,0.008974293610098787,-0.9300918507705148
464,URI,"United Rentals, Inc.",Industrials,161.99,16.33,0.0,15.72,189.0,100.62,14654954091.0,2760000000.0,2.18,4.53,1.4715126212822849,-0.8615984410760766
465,UTX,United Technologies,Industrials,127.48,19.26,2.12,5.7,139.24,107.05,105387000000.0,10584000000.0,1.73,3.4,0.22155221824035673,-0.6559833395575178
466,UHS,"Universal Health Services, Inc.",Health Care,114.87,15.36,0.34,7.14,129.74,95.26,11116075286.0,1676204000.0,1.32,2.21,0.3646680323854424,-0.5001187028940104
467,UNM,Unum Group,Financials,47.87,11.51,1.82,4.38,58.73,43.55,11256432318.0,0.0,1.0,1.19,-0.7750939973780553,-0.6763374067827959
468,VFC,V.F. Corp.,Consumer Discretionary,78.75,25.9,2.29,2.55,82.95,48.05,31797645904.0,1624441000.0,3.71,7.89,-0.6049794012578754,0.02276889279069613
469,VLO,Valero Energy,Energy,86.77,18.74,3.56,9.24,99.95,60.69,39312309113.0,5401000000.0,0.42,1.93,-0.24208072346995377,-1.3653474621101886
470,VAR,Varian Medical Systems,Health Care,112.82,29.93,0.0,2.69,130.29,77.73,10692681720.0,500600000.0,3.97,7.32,0.11848947577204638,0.5627385302880982
471,VTR,Ventas Inc,Real Estate,50.92,12.21,5.97,1.86,72.36,51.8,18865999082.0,1935931000.0,7.07,1.76,-1.1202538032608687,-0.3496471233084374
472,VRSN,Verisign Inc.,Information Technology,105.62,29.5,0.0,3.43,118.28,81.17,10754983829.0,767864000.0,12.4,10.82,0.410151083564876,1.9268561540720195
473,VRSK,Verisk Analytics,Industrials,92.28,28.84,0.0,3.45,100.54,75.6,15594677147.0,1011200000.0,9.94,9.34,0.18717698029962912,1.5120119633537727
474,VZ,Verizon Communications,Telecommunication Services,49.04,13.08,4.63,7.36,54.77,42.8,208092000000.0,45745000000.0,1.65,7.96,-0.857994314113595,-1.3256700665582246
475,VRTX,Vertex Pharmaceuticals Inc,Health Care,151.6,252.67,0.0,1.04,174.96,84.39,39369386348.0,97562000.0,16.19,21.91,1.3932842276076198,6.432361083108761
476,VIAB,Viacom Inc.,Consumer Discretionary,32.71,8.68,2.62,4.68,46.72,22.13,10601008017.0,5600000000.0,1.09,2.08,-1.0513496160716853,-0.8741296424329575
477,V,Visa Inc.,Information Technology,113.86,32.72,0.7,2.8,126.88,84.88,270039000000.0,13086000000.0,14.43,9.4,0.44236459527468236,2.2134336608375333
478,VNO,Vornado Realty Trust,Real Estate,66.18,16.22,3.74,4.33,111.72,66.01,12778779911.0,0.0,7.15,3.63,-0.4131248284386033,0.009419696326390885
479,VMC,Vulcan Materials,Materials,121.47,40.9,0.78,3.1,141.2,108.95,16964162228.0,970976000.0,5.76,3.54,0.3752768409445573,0.835779145030688
480,WMT,Wal-Mart Stores,Consumer Staples,100.02,23.1,1.98,4.39,109.98,66.89,304681000000.0,30721000000.0,0.82,3.89,-0.27843771127700395,-0.5886999979737909
481,WBA,Walgreens Boots Alliance,Consumer Staples,68.22,13.38,2.24,3.78,88.0,63.82,70862541911.0,7083000000.0,0.59,3.06,-0.5997769097381932,-0.7891966068339447
482,WM,Waste Management Inc.,Industrials,79.12,25.36,2.08,2.66,89.73,69.55,35488486675.0,3896000000.0,3.28,6.73,-0.4607880208488465,-0.038077442800747846
483,WAT,Waters Corporation,Health Care,191.79,26.64,0.0,0.19,220.2,145.94,16064078572.0,773932000.0,6.98,6.15,0.9664018937025686,1.0932456943537858
484,WEC,Wec Energy Group Inc,Utilities,59.5,19.57,3.69,3.79,70.09,56.63,18890296993.0,2736500000.0,2.48,2.1,-0.808542894475298,-0.6574376769852706
485,WFC,Wells Fargo,Financials,55.4,13.58,2.71,4.07,66.31,49.27,281464000000.0,0.0,2.87,1.58,-0.7457601406987308,-0.4991334890230599
486,HCN,Welltower Inc.,Real Estate,54.67,12.74,6.15,2.81,78.17,55.29,20943679019.0,1908253000.0,6.73,1.49,-1.030087943376703,-0.5023414562855886
487,WDC,Western Digital,Information Technology,80.09,10.19,2.39,1.29,95.77,71.38,24760297793.0,5169000000.0,1.25,2.0,-0.6775425341259667,-0.608192831301655
488,WU,Western Union Co,Information Technology,18.81,10.17,3.59,0.51,22.21,18.39,8951609207.0,694600000.0,2.23,12.65,-1.5759276953564283,-0.5824783506043512
489,WRK,WestRock Company,Materials,60.93,23.26,2.67,2.77,71.55,49.23,16433340688.0,2262300000.0,1.08,1.58,-0.8314901211208646,-0.5471672549265886
490,WY,Weyerhaeuser Corp.,Real Estate,33.6,34.29,3.71,0.77,37.89,30.95,26070297960.0,1365000000.0,3.64,2.9,-1.282828652916193,0.010038749878753878
491,WHR,Whirlpool Corp.,Consumer Discretionary,164.95,11.77,2.57,4.51,202.99,158.8,12177920000.0,1842000000.0,0.58,2.57,0.6321730660040863,-1.0496586771336134
492,WMB,Williams Cos.,Energy,28.56,48.41,4.0,0.57,33.67,26.82,24802396470.0,3955000000.0,4.3,3.01,-1.3204667850029277,0.3159527971624701
493,WLTW,Willis Towers Watson,Financials,152.36,18.67,1.35,3.07,165.0,120.87,20780269334.0,1440000000.0,3.45,2.1,0.42199502791268767,-0.06321743990799186
494,WYN,Wyndham Worldwide,Consumer Discretionary,113.56,18.77,1.95,5.53,127.96,80.11,11993835688.0,1232000000.0,2.73,18.91,0.040337438545505,-0.43700139192048076
495,WYNN,Wynn Resorts Ltd,Consumer Discretionary,169.28,31.7,1.13,7.27,203.63,92.67,18225400525.0,1501301000.0,2.48,51.69,0.8225906935156508,-0.271592446381181
496,XEL,Xcel Energy Inc,Utilities,42.44,18.14,3.39,2.21,52.22,41.16,21559611927.0,3885828000.0,2.52,1.94,-1.0944437664625022,-0.4893492803537656
497,XRX,Xerox Corp.,Information Technology,29.8,8.87,3.21,0.59,37.42,26.64,7938833340.0,1191000000.0,0.79,1.49,-1.448288367247934,-0.7756910679090901
498,XLNX,Xilinx Inc,Information Technology,62.82,27.19,2.09,2.32,77.26,54.99,17064975551.0,845468000.0,7.1,7.22,-0.5259944830592668,0.6733928191577817
499,XL,XL Capital,Financials,41.26,19.93,2.1,2.24,47.27,33.77,10753423590.0,0.0,0.84,0.97,-1.0564571130107692,-0.4685779571748978
500,XYL,Xylem Inc.,Industrials,70.24,30.94,1.17,1.83,76.81,46.86,12915021000.0,722000000.0,2.73,5.31,-0.6100628972561,0.22896902989941215
501,YUM,Yum! Brands Inc,Consumer Discretionary,76.3,27.25,1.8,4.07,86.93,62.85,27003303098.0,2289000000.0,6.31,212.08,-0.24358133066745688,0.30581786235708397
502,ZBH,Zimmer Biomet Holdings,Health Care,115.53,14.32,0.79,9.01,133.49,108.17,24454698119.0,2007400000.0,3.16,2.39,0.5893564321008045,-0.4341800370417348
503,ZION,Zions Bancorp,Financials,50.71,17.73,1.48,2.6,55.61,38.43,10670678640.0,0.0,3.79,1.42,-0.7780899177088528,0.08939834828813521
504,ZTS,Zoetis,Health Care,71.51,32.8,0.68,1.65,80.13,52.0,35991109776.0,1734000000.0,9.28,18.09,-0.2952020129928812,1.4628367675088583
